0	aardvark aardvark aardvark aardvark
4294967295	goat flea caribou pigeon
42	aardvark aardvark aardvark cardinal
1264358700	bobcat dog anaconda wildfowl
2229145243	cobra grouse lemur stoat
3802821438	fish wombat walrus cow
3926884741	flyingfish gibbon reptile pelican
4073751840	gamefowl fowl crab alligator
2788193791	cuckoo lobster albatross frog
2177862482	clam wolverine angelfish mite
545108617	aphid rodent shrimp skunk
1733597780	caterpillar walrus orca gerbil
1131168163	bison orca tiger hare
872430246	bat opossum moth panther
2986742221	dog tapir lungfish stoat
1859815624	chameleon grasshopper sturgeon tiger
1267701127	bobcat gamefowl chimpanzee ermine
3799799098	fish tick piranha bobcat
2573099857	crane pig elephant moth
1421165692	butterfly lemming bonobo spider
1929958827	chickadee eagle hoverfly cheetah
1991700238	chicken vole crab sheep
2136386325	cicada starfish worm marmot
4044161392	frog lungfish goose silkworm
3432687119	eel whippet basilisk quail
1978293282	chicken mite finch peafowl
2573020441	crane pheasant mink bug
2375234468	coral fowl tyrannosaurus dog
511699635	ape stingray lungfish mandrill
2884382838	dingo bug jay fox
3460459869	egret primate lungfish guppy
3681980184	ferret primate cougar marmot
2546976663	crab wildfowl porpoise mink
960577546	bedbug alpaca loon dragon
1698508769	cat zebra cougar viper
1855391692	chameleon dolphin wildebeest smelt
3391201467	echidna sole walrus condor
2557583070	crane duck goldfish owl
3274602661	eagle pheasant kingfisher opossum
1912197568	cheetah scallop dormouse ape
191961631	amphibian cow butterfly goose
1855758578	chameleon dragon egret mollusk
4196764585	gerbil parakeet mammal parakeet
2306695412	cod koi spider dormouse
2755794883	crow orangutan snipe flamingo
994892358	bedbug vulture whitefish rat
790883565	basilisk horse crane puma
349006184	ant kangaroo giraffe ocelot
1845804455	centipede woodpecker loon fowl
999038682	bee bandicoot gopher chimpanzee
438394993	antelope swan kite lark
1201069852	boa macaw egret guineafowl
3317264331	earthworm sole clownfish reindeer
339182254	ant cockroach rhinoceros frog
609217077	baboon limpet viper primate
3405510160	eel crow wombat dinosaur
4141142575	gecko cattle viper monkey
395532738	anteater prawn turtle aardvark
3902787129	fly piranha jaguar krill
3695714884	finch beetle bandicoot tern
2187577555	clownfish dog orca wildcat
975124502	bedbug herring pony silverfish
444829821	antlion armadillo lemming emu
484710328	ape cardinal caribou minnow
3866064823	flea pony eel echidna
178909610	alpaca spoonbill hookworm boa
385086721	anteater hyena puma mole
2273954412	cockroach mole mole tyrannosaurus
3382788827	echidna narwhal bee albatross
1101372030	bird snail coyote loon
2746482629	crow gull starfish mollusk
1052274272	beetle limpet jackal shrew
2938555967	dinosaur mockingbird wolf harrier
3149629074	dragon falcon jaguar mink
2698310857	crocodile bear jaguar muskox
677934996	bandicoot gopher ostrich snake
2530606563	crab magpie bedbug bonobo
4087368166	gamefowl pike yak swordfish
2960807949	dog cobra panda chimpanzee
2332006920	condor cheetah boar scallop
764474823	barracuda porpoise bandicoot condor
1328003194	bobolink whippet wildcat mole
417197457	antelope ferret ferret cricket
528796092	aphid flyingfish pony dove
1911167467	cheetah rhinoceros whale ox
3550013006	emu caterpillar bug puffin
1687402837	cat pony aphid scorpion
1293171376	bobolink anaconda starfish macaw
4043837007	frog locust iguana perch
356656994	ant parrotfish gibbon anglerfish
2232287065	cobra kangaroo smelt rodent
2173919460	clam swan koala peafowl
4291409651	goat cricket baboon bat
1984761782	chicken reindeer ostrich moose
2069971869	chipmunk barnacle barracuda rat
3685019736	ferret shark muskox gazelle
2485794775	coyote fly whitefish clam
148009802	alpaca albatross rhinoceros swordtail
3410512417	eel gorilla blackbird anteater
2581388556	crane toad anteater mongoose
2732913915	crow alligator lemur platypus
2821613086	damselfly hookworm haddock minnow
1013454565	bee jellyfish gorilla bobcat
53762816	aardwolf kingfisher snipe thrush
626627167	baboon wildcat vulture eagle
496254002	ape jaguar deer dragonfly
2916347369	dingo wolf pony toad
3166559796	dragon rhinoceros camel mockingbird
732951555	barnacle squid salamander puma
1675790726	cat haddock fox mollusk
4291908397	goat damselfly marlin silkworm
3231259304	duck llama mollusk harrier
2671525351	cricket giraffe tarantula parakeet
1589060122	caribou antelope cod flyingfish
1474038449	buzzard trout trout tarsier
1780941916	cattle damselfly mole turkey
2569196555	crane mockingbird bee wildebeest
2562922990	crane herring lobster jackal
1122637941	bison hedgehog wolverine bonobo
1266536272	bobcat ferret parrotfish damselfly
1899780719	cheetah junglefowl echidna crab
3713975554	finch mockingbird quokka rattlesnake
2045755513	chinchilla hedgehog perch warbler
3223121796	duck elk cow impala
3912873235	fly whitefish hawk beaver
3244144470	duck starfish sawfish mongoose
1285785277	bobcat slug donkey baboon
1893800184	cheetah elk gerbil owl
403179511	anteater trout tapir elephant
1864549610	chameleon leopard mastodon bedbug
4135726913	gecko aardvark boa gerbil
1027096492	bee skunk haddock squirrel
4185175835	gerbil gerbil ant mouse
1240727998	boar moth trout tiger
1645395461	carp mastodon crocodile locust
1033213856	bee wolverine marmot flea
3323029119	earthworm wren chinchilla hummingbird
1015988690	bee loon crayfish bird
510293769	ape sloth spider puma
3542455508	elk vicuna whale mackerel
2002254371	chimpanzee crow haddock tarsier
3338377510	earwig herring mockingbird pike
2331041357	condor cardinal harrier cougar
4173458248	gerbil angelfish gopher parakeet
470717959	antlion raven walrus jellyfish
530734010	aphid guineafowl cicada snail
2103687121	chipmunk wildebeest bobolink rattlesnake
1227198204	boar deer tiger termite
3773537835	fish condor sturgeon kangaroo
4221443470	gibbon fowl bison horse
3860531093	flea marmoset guineafowl koi
1851831280	chameleon centipede stork tern
4051285647	frog primate mouse whitefish
3528536738	elk marten jaguar hoverfly
915214745	bear scallop iguana orangutan
4002205220	fox haddock yak falcon
2503721779	coyote shrimp orca angelfish
2956537590	dog bass cat duck
2383567325	coral marmot bear sole
2311098776	cod mongoose marmot meerkat
756082711	barracuda lamprey guineafowl parakeet
3976390282	fowl pigeon coral whale
4041843809	frog kite kite boa
2638475852	crayfish kangaroo spoonbill toad
4107831611	gazelle dolphin mammal peacock
1490971998	camel gull opossum hamster
226227493	anaconda cardinal capybara spider
1074013248	bird beetle lark alligator
2908113567	dingo rhinoceros jellyfish salamander
3037927282	donkey earwig bonobo reptile
1407225897	butterfly bonobo hedgehog mosquito
206019444	amphibian mockingbird tarsier alligator
2455113795	cow lemming elephant boar
2345892038	condor mackerel fly sole
1671493997	cat eagle mockingbird leopard
3399617512	eel basilisk spider moth
1091567143	bird mastodon sawfish hippopotamus
3142673754	dragon bobolink ptarmigan puma
331150577	anglerfish wildcat fox clownfish
1915251100	cheetah sturgeon scallop silkworm
1926002763	chickadee chickadee raven bee
1209135406	boa raven amphibian dragon
2565768885	crane leech cicada peafowl
837085328	bass peafowl stingray rhinoceros
2949128879	dinosaur sturgeon fowl swordtail
1249996866	boar squirrel llama gibbon
2385375929	coral moth halibut bedbug
2005597380	chimpanzee flea mackerel weasel
1582817619	cardinal stork termite basilisk
197621398	amphibian goldfish cheetah parakeet
3816144125	flamingo giraffe bison earthworm
661346872	badger tortoise aphid ox
3528251447	elk marmoset sturgeon piranha
2782582826	cuckoo goose herring mollusk
4140214657	gecko camel mink baboon
2041050348	chinchilla echidna donkey fox
1083730779	bird goat bug scallop
3134564606	dove tarantula mongoose turtle
1533787205	capybara mammal rabbit mollusk
816316640	bass bobolink meerkat fowl
3140501183	dragon baboon capybara leech
394870034	anteater piranha walrus thrush
327039305	anglerfish stingray dormouse amphibian
483127828	ape bee stoat flyingfish
2570204771	crane mule clam panda
1431447654	butterfly rook snipe mule
1068082317	beetle turkey yak herring
560037000	armadillo chinchilla hyena shark
4014503495	fox ptarmigan tick badger
3475783418	elephant cardinal prawn aphid
2301608465	cod frog wildcat carp
785880124	basilisk elephant bird guineafowl
4232929899	gibbon orca perch cow
2114360526	cicada dragonfly gorilla alligator
3391919573	echidna stingray hoverfly peacock
3862064432	flea monkey coyote bird
2922356431	dinosaur caterpillar tarsier caterpillar
2421652962	cougar mole magpie buzzard
3088737241	dormouse panda fly crawdad
3653204836	falcon vicuna porcupine blackbird
2736131955	crow boa locust landfowl
3505425974	elephant vicuna anglerfish quail
2492837917	coyote lobster landfowl reptile
2668196568	cricket dragon swallow fish
1254348887	boar wildcat reptile lamprey
823302602	bass falcon meerkat cod
677461665	bandicoot giraffe grouse hornet
638338956	badger elk marten shrimp
205282683	amphibian mastodon dolphin loon
163689630	alpaca impala chickadee kangaroo
2359956325	condor tortoise centipede vicuna
162082176	alpaca hamster partridge duck
2477212383	coyote beetle mink cuckoo
3898159794	fly meerkat prawn mink
2257285737	cockroach caribou duck squid
3445266612	egret finch llama wombat
2893311107	dingo goldfish weasel wallaby
4200572934	gerbil rhinoceros swordtail cat
2027085741	chimpanzee tern flea mink
1009270056	bee gamefowl opossum alligator
1270873703	bobcat hornet sailfish marmoset
1822091418	centipede gibbon pelican aardvark
805576497	basilisk skunk prawn owl
1557860060	cardinal cod smelt jaguar
2935381131	dinosaur leopard giraffe goldfish
1365510254	bonobo wolverine crane harrier
211629301	amphibian quokka landfowl hyena
2943435216	dinosaur prawn wolf shark
2998414063	dolphin cow salmon jackal
3795540866	fish scorpion emu ocelot
1335518457	bonobo chinchilla rat vole
2815576580	damselfly donkey wallaby turtle
3321777555	earthworm weasel swordfish wildfowl
815560150	bass beetle rattlesnake mole
2369401661	coral chinchilla frog firefly
2579684216	crane stoat partridge junglefowl
494790775	ape hedgehog antlion cockroach
2584882026	crawdad aardvark mammal lemming
2315346881	cod porcupine stoat otter
2316888620	cod rattlesnake rook leech
189554587	amphibian carp herring yak
2475331646	coyote antelope muskox grouse
100596357	albatross python cobra chimpanzee
2570037792	crane moth pelican crane
2663601919	cricket carp impala meadowlark
2682976338	cricket parrotfish cheetah aardvark
978336649	bedbug leopard peacock tern
4204498772	gerbil stork elephant jaguar
4037325475	frog gazelle prawn macaw
2246309798	cobra snipe elephant bat
216312525	amphibian stingray primate chimpanzee
2921221576	dinosaur bonobo parrot chinchilla
3212744327	duck aardwolf newt stork
419783226	antelope grouse nightingale emu
1048710225	beetle hedgehog falcon weasel
1843059068	centipede tortoise rhinoceros trout
1078945451	bird cricket whale iguana
705842190	barnacle butterfly firefly cricket
386425877	anteater koala shrew bat
2244568688	cobra scallop mole locust
1198114575	boa jellyfish orangutan peafowl
1922369826	chickadee barnacle wombat gorilla
1408628249	butterfly centipede armadillo stork
2288740516	cockroach wolverine turkey ox
764976051	barracuda ptarmigan mite guppy
2410884470	cougar emu hoverfly firefly
1563117149	cardinal gamefowl deer leopard
348099608	ant hyena cicada chipmunk
360908951	ant sailfish pigeon peacock
1614908682	caribou rabbit emu octopus
66001121	aardwolf scorpion cow meerkat
561372364	armadillo coyote krill tern
1968206267	chicken finch gecko gamefowl
1511537630	camel viper bird aphid
1345483173	bonobo jackal mule alligator
2170779328	clam scorpion cattle spider
143424287	alligator tapir heron meerkat
2863042034	deer magpie worm snail
538219689	aphid mite pheasant gibbon
2503398900	coyote shark puffin hornet
2387282115	coral panther mite gorilla
919017286	bear tarantula puma pelican
2644968941	crayfish orangutan hedgehog penguin
1584115304	cardinal thrush mosquito amphibian
4153163431	gecko ladybug gerbil dragon
3453201370	egret louse basilisk beetle
3471935857	elephant anglerfish alligator silkworm
1736373276	catfish angelfish partridge chimpanzee
3923804363	flyingfish dragonfly wildfowl elk
603545518	baboon gibbon seahorse aardwolf
3291882293	earthworm centipede elephant hookworm
895671056	bear dragon cockroach swan
3125572399	dove ox limpet finch
1741457090	catfish chicken llama swan
678762297	bandicoot haddock boa cricket
909301572	bear opossum bobolink goldfish
1147992531	blackbird bird orangutan anaconda
2266805526	cockroach hamster bug shrimp
942729597	beaver mackerel mastodon skink
1629985976	carp catfish dragon sawfish
1104885943	bird tuna tarsier silkworm
1997061802	chimpanzee bee marten monkey
1651662337	carp quail rabbit whale
4224393068	gibbon hedgehog piranha bat
97555419	albatross owl roadrunner cricket
324188030	anglerfish salmon mammal orangutan
403470533	anteater turtle lobster crow
946639712	beaver ostrich slug thrush
3238702911	duck possum prawn mink
1760818066	catfish pigeon bobcat vulture
2367716809	coral camel carp pike
2715053204	crocodile macaw hoverfly turtle
2985258723	dog spoonbill catfish tortoise
2146502374	clam caribou cricket beaver
1893855501	cheetah elk sparrow roadrunner
2285395720	cockroach tarsier rodent crawdad
3840997063	flea anaconda crayfish ptarmigan
4167943546	gecko swan opossum woodpecker
3751450257	firefly moose pheasant hamster
3815726780	flamingo gazelle fox wolverine
1764862699	catfish shark mockingbird woodpecker
251741006	anaconda sloth crab zebra
317616725	anglerfish mouse echidna wolverine
1583718320	cardinal tarsier alpaca swan
493367119	ape gorilla cougar vulture
3695826018	finch bird barnacle orca
2489305177	coyote hookworm ocelot turkey
2144376292	clam bear aphid jellyfish
2030266355	chimpanzee wolverine yak whippet
3821079734	flamingo landfowl moth trout
4128447645	gazelle shrimp kangaroo perch
606270808	baboon horse grouse barnacle
4119754967	gazelle mink barracuda manatee
1171243082	blackbird puffin finch leopard
1439904545	butterfly yak boa penguin
3166745100	dragon roadrunner shark armadillo
4233414139	gibbon panda aphid guineafowl
690094878	bandicoot pike ermine wren
777326565	basilisk baboon wasp alligator
141754368	alligator sparrow gibbon shark
2084959071	chipmunk koala cricket goldfish
792406322	basilisk kite vulture meerkat
985396969	bedbug pigeon gecko barnacle
958157620	beaver walrus piranha crawdad
2350507267	condor parakeet vole haddock
139052678	alligator rook wolverine narwhal
1885170733	cheetah badger lungfish guineafowl
3131858856	dove skunk cod marmot
3165961959	dragon raccoon quokka earwig
2050731802	chinchilla mammal marsupial rodent
1388655537	bug mule vicuna reindeer
257169756	anaconda whitefish chimpanzee marmot
4291486987	goat cricket raven flamingo
1863448302	chameleon koala opossum squid
637096309	badger dove goldfish caribou
1962521680	chicken centipede bear lion
1187314543	boa cheetah dingo caterpillar
3732206082	firefly bear cat bear
3271428473	eagle moose snake mackerel
1206690948	boa perch wildebeest mandrill
1038345747	beetle buzzard snake hawk
2793944150	cuckoo partridge stork penguin
312074173	anglerfish kangaroo ermine pheasant
1457102328	buzzard kiwi cod peafowl
3349465335	earwig possum mink kiwi
2818478570	damselfly frog butterfly narwhal
1918474305	cheetah wasp starfish boar
2617152684	crawdad swift marsupial guanaco
476383259	antlion tick antlion gopher
3111001790	dove dormouse boa puffin
2278831877	cockroach primate meerkat wildebeest
262061216	angelfish boa echidna ocelot
2990950271	dog zebra krill panda
1172582098	blackbird rhinoceros gull meadowlark
1177485321	blackbird tarantula moose weasel
2276886996	cockroach partridge ant lemming
1364355875	bonobo walrus sheep seahorse
2864272934	deer mink bison crow
702641997	barnacle ant jellyfish ant
3639586888	falcon meadowlark termite goose
4158625543	gecko ocelot mosquito yak
2829412538	damselfly octopus puffin goat
4005126353	fox koala gecko koi
2899649532	dingo macaw buzzard dove
1932799787	chickadee gibbon ape meerkat
2081651342	chipmunk guineafowl hamster deer
1142866069	bison warbler hawk dinosaur
3242662128	duck skunk hornet bonobo
3496662927	elephant platypus aardvark earwig
1890967458	cheetah crane shark weasel
1134025369	bison prawn pelican monkey
2234450724	cobra locust gecko dingo
160855091	alpaca goose mosquito fowl
73018358	aardwolf wolf lark goat
2911711965	dingo squirrel tern salamander
1181980312	boa alligator caribou hyena
2468751639	cow stingray earthworm mongoose
3976016778	fowl penguin snail fox
810388833	basilisk walrus bonobo boar
1697433420	cat wildcat lion parrotfish
2911459899	dingo spoonbill octopus slug
2518616670	crab crab wasp hummingbird
1028779557	bee stoat meadowlark boar
1075300672	bird camel bison centipede
2668866463	cricket echidna tortoise aardwolf
3914794098	flyingfish amphibian puffin impala
817994025	bass chameleon piranha loon
3461025908	egret quail opossum cougar
975241539	bedbug hippopotamus rhinoceros earwig
1982313926	chicken pig mastodon penguin
3476427373	elephant cattle loon spider
438980840	antelope tarantula rat sawfish
1400471335	bug turtle lemming opossum
1293087322	bobolink anaconda boa bug
1572806129	cardinal moose muskox mackerel
295337628	angelfish zebra gorilla scallop
217418059	amphibian tarantula pig beetle
569232942	armadillo hornet gopher dingo
3626418101	falcon crane cat junglefowl
1601555856	caribou guanaco swift armadillo
409060271	antelope beaver trout crow
2306121026	cod kangaroo partridge grouse
158677945	alpaca falcon whippet giraffe
1111470532	bison boar earwig giraffe
1453527635	buzzard gorilla warbler starfish
1713304470	caterpillar hawk opossum krill
2327123453	condor angelfish barracuda puffin
2484657976	coyote elk primate grasshopper
1998231863	chimpanzee butterfly bonobo elk
3627263274	falcon damselfly roadrunner llama
3958837889	fowl crane toad bat
2012432876	chimpanzee lion cicada wildebeest
2068429915	chipmunk amphibian chickadee donkey
1159513598	blackbird hedgehog lynx sloth
2341877061	condor hoverfly bonobo squid
1611015648	caribou orangutan cobra snake
1119231935	bison flamingo duck stork
1241229842	boar newt jay wallaby
3753624137	firefly parakeet elephant marten
1635903252	carp finch ocelot guppy
2198710115	clownfish marlin ant bedbug
2910643558	dingo smelt duck giraffe
908279181	bear mosquito tarantula bonobo
159662472	alpaca fowl sparrow tapir
3498735431	elephant reindeer piranha albatross
2766949370	crow vicuna hummingbird earthworm
773745425	barracuda wasp parrot sole
659302716	badger starfish narwhal antlion
2593583979	crawdad dinosaur alligator landfowl
8974798	aardvark dog viper giraffe
1893289685	cheetah earwig raccoon narwhal
1068356144	beetle vicuna koala prawn
1085390799	bird harrier bee snake
320416482	anglerfish perch lynx parrotfish
1809722585	centipede alligator cardinal gopher
2647044196	crayfish pigeon butterfly pelican
2744238195	crow fly newt mandrill
1757317942	catfish monkey mandrill barnacle
299469085	anglerfish bonobo ocelot meadowlark
888240088	bear bandicoot cicada parakeet
3599374679	ermine lamprey dragon wildebeest
2701780682	crocodile chinchilla quokka lizard
3852347297	flea fox minnow lizard
3355057292	earwig stingray zebra capybara
3576573563	emu stingray otter chameleon
5198238	aardvark caterpillar swordfish fox
3546877029	emu badger snipe guanaco
160551552	alpaca giraffe stingray shark
1630905311	carp chinchilla marmoset marmoset
2352619442	condor prawn woodpecker dormouse
2623896425	crayfish barnacle grouse spoonbill
2852326836	deer dolphin gorilla bandicoot
1822449027	centipede goldfish termite tick
3349210374	earwig porcupine earthworm skink
3631282349	falcon gerbil aardvark shrew
2250605096	cobra warbler amphibian stork
3021635431	dolphin snake condor echidna
1637447066	carp gibbon mandrill kite
3525265457	elk koi vole rhinoceros
1804739548	cattle swift condor elephant
1839230347	centipede silverfish damselfly dragon
1808590190	cattle wolf toucan sailfish
3237899765	duck pigeon koi puffin
639051472	badger firefly wombat lemur
795003887	basilisk mackerel grouse barracuda
3960178818	fowl dolphin zebra tapir
639282681	badger flea bass skink
3396075268	echidna wildcat thrush damselfly
1927970451	chickadee crawdad lemur bandicoot
3709924054	finch krill cougar beaver
1321372733	bobolink scallop clam elk
1915052152	cheetah stoat wren grasshopper
1484564855	camel coyote spoonbill puffin
4075288682	gamefowl grasshopper basilisk chameleon
1099615425	bird salmon gorilla hummingbird
3706273580	finch guanaco echidna piranha
2394861723	coral starfish turtle walrus
3047075134	donkey louse mule salmon
2576511877	crane salamander badger tiger
2866990880	deer owl mouse crow
2191144959	clownfish gecko shrimp termite
3363464530	echidna beetle skunk beetle
335987849	ant boa walrus lungfish
611746900	baboon meerkat reindeer salmon
996221859	bedbug wolf weasel dingo
1870378150	chameleon parakeet camel coyote
3555148749	emu eel hyena guanaco
3275100872	eagle piranha walrus rhinoceros
2268174215	cockroach hummingbird kingfisher wolverine
2827120442	damselfly meadowlark baboon clownfish
2684990801	cricket primate flyingfish jaguar
4027870844	frog bedbug junglefowl dog
1536817067	capybara ocelot barnacle earthworm
1805756686	cattle tick gorilla reptile
2673745173	cricket herring tiger scallop
2866400112	deer opossum echidna cattle
2390550543	coral rat baboon kiwi
3870537250	flea sloth muskox woodpecker
1467137817	buzzard quokka pike earwig
249011620	anaconda rattlesnake moose ox
1261784243	bobcat chipmunk shrimp swan
3358468726	earwig warbler rodent pelican
4046987101	frog mosquito sparrow horse
3906771224	fly shrew grouse puffin
3891939735	fly hawk nightingale primate
3979729418	fowl salamander fish harrier
134545889	alligator ox gecko prawn
3530076620	elk moth fox piranha
4286792379	goat bison hippopotamus hamster
116578526	alligator chickadee fish peacock
2262461093	cockroach earthworm viper kite
2250316736	cobra vulture hornet trout
4075543583	gamefowl guanaco gorilla ocelot
186940146	amphibian barracuda snake slug
1474796969	buzzard vole roadrunner quail
1636059892	carp fish anteater roundworm
936901059	beaver guanaco zebra platypus
2213893190	clownfish wasp walrus thrush
3930988269	flyingfish kingfisher roadrunner mockingbird
1205728104	boa parakeet emu buzzard
383238055	anteater guppy badger anteater
319764698	anglerfish parrotfish panda goat
3525685873	elk landfowl quokka eagle
1518012700	capybara bonobo landfowl pony
3188429259	dragonfly giraffe gerbil owl
3153018030	dragon hamster aardvark newt
113269813	alligator bass krill monkey
975028240	bedbug heron snake rabbit
3423081519	eel porcupine jay bee
3380196290	echidna manatee porcupine narwhal
2200854585	clownfish mouse grasshopper tyrannosaurus
3316747332	earthworm slug louse cow
3069848275	dormouse carp wildfowl monkey
1657680406	carp termite albatross dinosaur
1291993725	bobcat worm dingo antlion
2319393208	cod skink goat roundworm
3020618167	dolphin shrimp amphibian hyena
593202090	baboon basilisk locust parrotfish
626312961	baboon whippet bobolink porpoise
1478521964	camel ape goat thrush
50586843	aardwolf guanaco coral jay
1244910718	boar primate otter opossum
1745416645	catfish earthworm crayfish hyena
2977216608	dog opossum ocelot hornet
3258093631	eagle deer mite whale
1419796626	butterfly junglefowl rook magpie
3713009353	finch marsupial anaconda dinosaur
97804692	albatross panther aardwolf scallop
2928467939	dinosaur fish aardwolf amphibian
401982438	anteater tarantula bird krill
2171439629	clam silkworm boar quail
4014285832	fox prawn vole hippopotamus
1947531207	chickadee rat tarsier basilisk
2930233978	dinosaur goldfish tyrannosaurus jackal
2260418449	cockroach crayfish loon hare
3832411068	flamingo scallop scallop walrus
1920809963	chickadee amphibian trout bird
3432882254	eel whitefish smelt puffin
367864661	ant whippet hookworm pig
336266416	ant bobolink kiwi barnacle
437014607	antelope sole alligator clownfish
1321566562	bobolink scorpion turkey goose
2425721177	cougar piranha cricket wolverine
1570884324	cardinal mandrill eel gibbon
1153505523	blackbird dinosaur gibbon marmot
434702774	antelope sailfish chicken raccoon
1508439453	camel squirrel centipede crane
2608134744	crawdad orca damselfly krill
800504279	basilisk perch wildcat rhinoceros
2629897546	crayfish crocodile lemming damselfly
1774328865	cattle baboon wallaby tortoise
2981660428	dog raven platypus crocodile
4173895419	gerbil antelope finch landfowl
2303303710	cod gull dove whale
770050277	barracuda starfish gazelle falcon
386245888	anteater kiwi clam meadowlark
3296089183	earthworm duck crocodile ptarmigan
2572555826	crane peafowl gull swan
2106064873	cicada antelope marmot caterpillar
3389966388	echidna shrimp silverfish dolphin
4027045379	frog barnacle aardwolf grouse
1919222662	cheetah wildfowl mouse horse
2735572269	crow bee koala rat
3901990056	fly pelican dormouse stingray
4092674023	gamefowl snipe spoonbill haddock
4239670298	gibbon skunk kiwi otter
3222428849	duck eagle warbler locust
1536503388	capybara narwhal damselfly emu
3665229323	ferret dragonfly cat peacock
3247756270	duck wasp goldfish snipe
262965877	angelfish camel impala flyingfish
1288280400	bobcat tarantula raven tortoise
1855036527	chameleon dingo roundworm duck
620699394	baboon silverfish leech cattle
3404747385	eel crab bobcat octopus
1498438020	camel mockingbird wasp swift
2266109715	cockroach grouse sparrow egret
2389094742	coral pony tuna pigeon
3014932669	dolphin panda rattlesnake stoat
3047564024	donkey magpie alpaca trout
302352887	anglerfish cod opossum orangutan
3570294506	emu pike alpaca capybara
2308243777	cod lobster shrimp yak
3067668908	dormouse beaver flyingfish wallaby
3294189851	earthworm crawdad blackbird amphibian
2182888382	clownfish butterfly giraffe grouse
3979980805	fowl sawfish mite flamingo
1962664352	chicken chameleon gopher wallaby
2445224063	cow crocodile boa crab
3249380306	duck yak zebra sloth
1977059593	chicken mandrill clam tern
2061205204	chinchilla slug aardwolf horse
1355865123	bonobo puffin damselfly antlion
237703974	anaconda jackal ocelot reindeer
4243984461	gibbon vicuna grouse bee
3069277512	dormouse buzzard snail mongoose
796170247	basilisk mastodon tapir ox
4070340026	gamefowl damselfly jackal fowl
1685260753	cat otter quail bobcat
563656956	armadillo eagle bear magpie
3682648107	ferret quokka crocodile fox
1924978574	chickadee caribou lobster jaguar
1522956693	capybara dolphin basilisk lynx
3431038448	eel trout cougar rook
2208299151	clownfish shrimp lion wombat
4002319522	fox hamster anglerfish marlin
3783697305	fish koi leech guanaco
1332033572	bonobo bear flea sloth
343221555	ant falcon cobra gorilla
2502895862	coyote sawfish cobra seahorse
2586577885	crawdad armadillo snake chickadee
3321535384	earthworm warbler platypus rabbit
1442802199	buzzard bear damselfly gecko
3135996042	dove turtle limpet magpie
487945825	ape crayfish fish salmon
3542719564	elk vulture gerbil lemur
3443403579	egret dormouse possum emu
2794694494	cuckoo pig orangutan whale
3737904933	firefly cuckoo macaw rat
1568632384	cardinal landfowl wildcat rodent
2249526431	cobra tuna emu orangutan
2853106034	deer eagle halibut worm
1736876585	catfish antlion cow mouse
4175594868	gerbil bedbug opossum tyrannosaurus
695202371	bandicoot snail goldfish silverfish
2586833606	crawdad bandicoot cat bird
3773770605	fish cougar whitefish kiwi
830903784	bass lizard bug mastodon
61276199	aardwolf parrotfish monkey narwhal
4190666586	gerbil lemming marlin gibbon
1042630385	beetle dingo krill clownfish
740332444	barracuda baboon gecko marsupial
3743586891	firefly guppy rooster perch
1811786542	centipede basilisk rat hyena
2181232821	clownfish bat hornet primate
1331344016	bonobo bandicoot boa bedbug
3611255983	ermine sheep heron meadowlark
1104923202	bird turkey cuckoo platypus
3886056633	fly dinosaur meadowlark rat
3934807748	flyingfish mastodon coyote leech
2272412499	cockroach manatee perch mastodon
925528214	beaver basilisk jaguar albatross
4044910333	frog mandrill bonobo swordfish
228222008	anaconda cobra bug gull
984373815	bedbug parrotfish bonobo lynx
2994762282	dolphin boar squid cardinal
2693495681	cricket wallaby amphibian ocelot
106077932	albatross swan newt goat
4278127963	giraffe stingray echidna camel
479716094	antlion wren bison swan
1600433733	caribou gerbil rhinoceros fish
918047456	bear stoat wolf earthworm
3246391487	duck trout armadillo halibut
585242386	armadillo squid quokka ox
1474120521	buzzard tuna parrotfish goldfish
952884244	beaver silkworm cat donkey
3597473891	ermine hummingbird butterfly thrush
4183532134	gerbil falcon crab meadowlark
1153488525	blackbird dinosaur condor llama
2205877896	clownfish raccoon peacock walrus
2442164295	cow cat lizard primate
4020263162	fox swan spider goat
4218491921	gibbon dog ladybug toad
81051196	albatross coral tuna woodpecker
3538191467	elk sloth llama mouse
3980349134	fowl seahorse tern heron
875169749	bat porcupine firefly halibut
1702704944	caterpillar bug ape barracuda
2876760271	deer tiger porcupine rabbit
2840516578	damselfly turkey starfish skunk
1418065369	butterfly heron chameleon meadowlark
3915507044	flyingfish antlion centipede hookworm
2123460979	cicada llama hyena pony
2973796406	dog magpie salamander manatee
1078026781	bird coral penguin partridge
565017816	armadillo finch giraffe cow
1125407319	bison lamprey wasp mastodon
2465543114	cow roundworm gazelle gull
1950290081	chickadee skunk rooster wildebeest
3824939404	flamingo mollusk herring louse
3374579579	echidna hamster baboon narwhal
3188780702	dragonfly goose locust anglerfish
4023125349	fox warbler parakeet llama
986609536	bedbug puffin earwig hedgehog
671614175	bandicoot cod ostrich halibut
4035906738	frog falcon trout bandicoot
2955117673	dog ant gamefowl donkey
1128235700	bison marsupial kiwi cougar
3092270723	dormouse rattlesnake cobra earthworm
1117135366	bison dove goose stoat
3258126765	eagle deer swift kiwi
737593128	barnacle wildfowl ostrich guppy
1043923047	beetle earwig cardinal armadillo
629932698	badger barnacle reindeer scallop
782135601	basilisk cobra flyingfish mastodon
3378329820	echidna lemming swallow mosquito
676232843	bandicoot flea elk dragonfly
3932799598	flyingfish llama blackbird aardwolf
1141090037	bison tick guppy silverfish
1930496976	chickadee egret echidna cricket
105999599	albatross swallow toad butterfly
2739910018	crow cow mollusk alpaca
58652409	aardwolf mongoose tyrannosaurus gorilla
513389572	ape tick rodent hyena
2623188883	crayfish antlion worm blackbird
1952018390	chickadee stork goose bird
3010389309	dolphin lynx sailfish cat
3948668280	flyingfish viper cougar porpoise
910125687	bear panda manatee cicada
2813445482	damselfly condor quail deer
3698865601	finch chipmunk krill lobster
2479723564	coyote cheetah crayfish flamingo
523567515	aphid clownfish marlin slug
417778238	antelope flea mammal firefly
885648517	bat wombat shrimp chickadee
2011821088	chimpanzee lark parrot roundworm
1639258367	carp hare swift shrew
3414020690	eel kingfisher quokka halibut
1033981321	beetle aardvark ladybug alpaca
887454036	bear antelope beetle cat
866227363	bat kite partridge guineafowl
3234296230	duck mongoose wildebeest ermine
2534268109	crab orca boa rattlesnake
4263630792	giraffe koala manatee bear
2997393543	dolphin cicada mite skink
1626569786	carp baboon junglefowl wasp
1307926097	bobolink horse tortoise zebra
727843708	barnacle prawn primate spider
3572009131	emu rabbit lamprey centipede
191170062	amphibian clam wolf earwig
2824328725	damselfly leech swan ox
2956865648	dog beaver blackbird hoverfly
2983463183	dog shark warbler thrush
2722521890	crocodile quail salamander hookworm
869500953	bat marmoset cobra wildfowl
1893192356	cheetah earthworm stoat gamefowl
2270559667	cockroach lemming wildcat lion
626861942	baboon wolf barnacle falcon
443086941	antelope zebra roundworm hornet
2815270424	damselfly dog cockroach manatee
523602583	aphid clownfish stork caribou
2954766090	dog anaconda chicken jay
25094881	aardvark pheasant fish aardwolf
3513747148	elk chickadee bass dinosaur
2025460667	chimpanzee squirrel parrotfish koi
1862366686	chameleon impala swan reptile
4146488229	gecko ermine catfish mule
3492987072	elephant moose squirrel peafowl
3666820383	ferret finch leech octopus
1612081138	caribou parrot seahorse lion
832480937	bass marlin gazelle rhinoceros
1046855668	beetle goat minnow ptarmigan
2968054467	dog gull yak landfowl
4074213702	gamefowl gazelle grouse wombat
2769893357	cuckoo alligator wildfowl bat
556021864	armadillo barnacle crocodile frog
3689365671	ferret tortoise shrew condor
3678324186	ferret newt cuckoo mockingbird
3015564145	dolphin peacock jaguar cockroach
1888165404	cheetah carp macaw guppy
1379574475	bug gorilla ape ermine
2887326126	dingo condor woodpecker ant
2079233333	chipmunk fish mole wallaby
690791696	bandicoot possum mockingbird manatee
1007138095	bee echidna hawk python
211476674	amphibian quail bobcat bird
2295048505	cod chameleon silverfish marsupial
3670294852	ferret harrier sloth koala
3926612947	flyingfish gecko finch ladybug
2637410070	crayfish hummingbird dingo gorilla
3908541309	fly squid gamefowl emu
3895109304	fly leech cow vole
1291762359	bobcat wombat centipede dolphin
3751958698	firefly muskox eagle dinosaur
4019924993	fox stork seahorse snail
3968452972	fowl krill nightingale coral
3510318555	elk basilisk centipede chimpanzee
3058233726	donkey slug dingo basilisk
598305477	baboon coyote mammal cattle
4191214944	gerbil lizard lemur basilisk
3265163583	eagle hummingbird gazelle armadillo
1321258386	bobolink sawfish catfish tick
560173001	armadillo chipmunk parrot crab
2758301332	crow pony jackal cockroach
2628669667	crayfish cod hookworm tiger
2343469286	condor koala krill firefly
1914512141	cheetah squid camel prawn
270919944	angelfish gecko chimpanzee herring
3942447303	flyingfish rooster boa bison
1104535418	bird tortoise quokka clownfish
2654988433	crayfish thrush roadrunner dinosaur
1921026236	chickadee angelfish sturgeon marten
2647444715	crayfish platypus quail iguana
3698195790	finch chameleon iguana basilisk
4254065749	giraffe crab egret crocodile
3187960240	dragonfly gazelle bug clam
4143214927	gecko coyote octopus swallow
1018506850	bee mole turkey caribou
162486873	alpaca hedgehog flamingo mink
1795620836	cattle opossum weasel rook
1929562611	chickadee dove squid fly
3905226422	fly roadrunner jackal penguin
920833693	bear vole bobcat giraffe
2442854232	cow cheetah python mosquito
1386412759	bug marlin possum pheasant
3718666826	finch possum antlion panda
2534737185	crab ox frog guppy
3368311820	echidna cricket macaw locust
2822793211	damselfly jellyfish anglerfish lemur
2560965918	crane goldfish stoat gibbon
3407544805	eel egret gamefowl elephant
2129414656	cicada peafowl buzzard muskox
233485663	anaconda fowl mole centipede
736428850	barnacle wallaby cat baboon
104335593	albatross smelt tick boar
3214228788	duck armadillo aardvark porpoise
1736034051	catfish alpaca mouse krill
1916027014	cheetah tarantula sawfish swordfish
669097517	bandicoot buzzard vole starfish
2588862888	crawdad bonobo jackal ant
1425129703	butterfly moose stingray salmon
3055601946	donkey reindeer lion slug
801342897	basilisk porcupine magpie cardinal
2666152796	cricket coyote jackal starfish
958859019	beaver wildcat amphibian loon
1615573230	caribou reptile elephant duck
2416165749	cougar impala baboon aardvark
585989712	armadillo swallow krill sturgeon
4171382127	gecko whitefish otter bandicoot
2164083714	clam mule rook termite
566664057	armadillo giraffe condor sturgeon
1145572996	blackbird angelfish silverfish centipede
3569633299	emu pelican baboon louse
1224289878	boar cheetah pheasant cobra
3220345277	duck crawdad chicken manatee
3712395256	finch mammal lark bobcat
120212215	alligator dragon beaver ox
3314691050	earthworm rook wildfowl clownfish
3425987137	eel salmon ox partridge
3720822444	finch rook lamprey wildfowl
22129179	aardvark moth mastodon wren
1946048702	chickadee porcupine lungfish boa
574826757	armadillo meerkat shrimp landfowl
3182233248	dragonfly clownfish koi aardvark
1954285951	chickadee turkey shrimp mole
2146109650	clam buzzard penguin python
1029968393	bee termite elephant clownfish
4237587412	gibbon roadrunner perch python
2245217571	cobra shrimp impala bonobo
3243298854	duck snipe chickadee cow
2486085965	coyote fox monkey ocelot
3804707400	flamingo antelope wasp reindeer
3536689415	elk salamander whale viper
3448210106	egret haddock badger firefly
1854976721	chameleon dingo damselfly peacock
4151332348	gecko hoverfly snail lobster
701583659	bandicoot zebra thrush sole
2946118798	dinosaur scallop clownfish moth
3121754773	dove mandrill bass whale
3759137520	firefly shrimp aardwolf duck
454629775	antlion flamingo stork mole
467351970	antlion parrot moose guanaco
2690215065	cricket starfish iguana tuna
2637131044	crayfish hornet puffin jellyfish
3319256627	earthworm tarsier cattle ocelot
850929142	bat aphid porcupine roundworm
3824084189	flamingo mastodon platypus firefly
1482006680	camel carp salamander locust
2241637143	cobra possum cattle bear
651021706	badger orangutan vicuna caterpillar
1195466593	boa guineafowl reindeer roundworm
926576972	beaver bison tern iguana
1677130811	cat horse hippopotamus stork
1513899102	camel zebra haddock marmot
2179588133	clownfish anglerfish mollusk prawn
3896185664	fly locust toad dormouse
1918528927	cheetah weasel giraffe caribou
3342524018	earwig louse wildebeest peacock
2284825385	cockroach swift nightingale leopard
3691903604	ferret wolverine pigeon narwhal
1883431747	cheetah aardwolf sparrow coral
3354144710	earwig snipe rooster otter
684475501	bandicoot mammal nightingale woodpecker
1622596328	caribou vulture nightingale panda
1637384487	carp gerbil wolf magpie
2440170586	cow bee lynx moth
1156542449	blackbird flyingfish quokka junglefowl
297445532	anglerfish bandicoot guanaco snail
4183010123	gerbil egret limpet whippet
4131489838	gazelle tapir tarantula hare
646132149	badger limpet sole scallop
1368627088	bug basilisk fly dragon
4234216879	gibbon peafowl elephant aardwolf
1136064322	bison rooster barnacle minnow
3098529209	dormouse tortoise ocelot lungfish
3227851716	duck hookworm starfish hawk
12940371	aardvark goat platypus wildfowl
1323953558	bobolink starfish junglefowl locust
2795489277	cuckoo porpoise sheep platypus
3824150840	flamingo meadowlark falcon kite
755112759	barracuda junglefowl opossum tapir
79773482	albatross chicken hedgehog albatross
2760107137	crow raven puma angelfish
1959130092	chicken bandicoot lemming marmot
3686293083	ferret snake bison cow
289865726	angelfish squirrel amphibian panda
1725376325	caterpillar python lemur elk
79589344	albatross cheetah rat ape
1200480703	boa lobster wildcat chickadee
1916568594	cheetah tick peafowl dolphin
199414857	amphibian hedgehog frog hornet
4071215380	gamefowl dove gamefowl alpaca
2739964259	crow coyote bat thrush
149839718	alpaca barnacle dragonfly capybara
4219629453	gibbon earwig quokka tuna
3745893256	firefly jay meerkat pony
1113225543	bison centipede boa panther
2135451130	cicada snake marten chickadee
2166865169	clam pheasant squid narwhal
393302844	anteater panther skunk octopus
3040220523	donkey gamefowl seahorse gorilla
338275278	ant chicken mite perch
2753478869	crow meerkat walrus flea
2812320816	damselfly chicken mollusk stingray
4269933007	giraffe ostrich guanaco ox
586712290	armadillo tarantula woodpecker roundworm
34717401	aardvark vulture bee kiwi
210836068	amphibian prawn fox giraffe
1142235763	bison vicuna primate hyena
2054587702	chinchilla owl frog ape
2949462813	dinosaur swift gazelle pigeon
3040707032	donkey giraffe clownfish goat
2690816855	cricket swallow stoat boa
3604250826	ermine muskox deer bandicoot
1682176417	cat marsupial tortoise snipe
3390162572	echidna silverfish mockingbird halibut
4162703483	gecko quokka guineafowl barracuda
319196062	anglerfish ox louse rabbit
1909653093	cheetah ptarmigan finch wildfowl
3982433408	fowl squid piranha leech
4162741727	gecko quokka ptarmigan toad
3847748018	flea coyote blackbird starfish
1371901289	bug chameleon spider piranha
3910137780	fly tarsier quail limpet
2676244355	cricket lamprey jay sole
994008838	bedbug trout zebra macaw
3323538093	earwig aardwolf rhinoceros swift
2107378728	cicada bat hawk panther
4196106599	gerbil ostrich mouse puffin
2289209242	cockroach yak chameleon damselfly
3582040625	ermine aardwolf vole rhinoceros
3325840860	earwig bass lynx bison
4009791371	fox monkey herring mackerel
2637864814	crayfish jackal gazelle whale
632086517	badger buzzard cicada prawn
3864981712	flea peafowl lobster pike
1199836655	boa leopard chicken bedbug
3624395394	falcon chameleon tern dove
2009546745	chimpanzee hoverfly cattle tortoise
4099631364	gazelle angelfish mongoose ferret
1380901011	bug hawk aardvark tapir
3326471382	earwig beetle crane marmot
1262435901	bobcat cod pheasant shrimp
1432775288	butterfly shrew silkworm leopard
3334876023	earwig flea aardvark primate
2289013354	cockroach worm haddock wolf
3939081921	flyingfish penguin raven sparrow
4274383148	giraffe rhinoceros lizard iguana
3434042011	eel zebra elephant ladybug
2372069182	coral dinosaur haddock swordfish
1738892677	catfish bison guppy vicuna
1346705696	bonobo krill orangutan dormouse
1276377599	bobcat meerkat herring rook
2029338450	chimpanzee weasel orangutan kiwi
1193268873	boa flea vicuna alligator
2078830164	chipmunk falcon walrus cuckoo
3915777443	flyingfish aphid mongoose hoverfly
1237790374	boar lungfish hyena crawdad
3864557005	flea parrot pheasant ermine
2934021320	dinosaur kite bee sole
1373870471	bug crab mouse chameleon
307792186	anglerfish gazelle perch stoat
3628402513	falcon duck anteater ox
1875089532	chameleon salmon muskox limpet
3157989803	dragon lungfish sole stork
3646710542	falcon roadrunner carp prawn
3254095637	eagle capybara lungfish wildebeest
3858142576	flea lark snipe rattlesnake
3245287951	duck tarantula blackbird koala
1967984674	chicken falcon gecko tarantula
2031636761	chinchilla anaconda goose falcon
4268492708	giraffe mosquito haddock hoverfly
4059737779	frog vulture smelt rattlesnake
2000692342	chimpanzee cobra ferret bug
1757270365	catfish monkey bug cockroach
2710741784	crocodile hippopotamus mandrill puffin
3409234839	eel fox minnow kiwi
2029679626	chimpanzee whitefish possum alpaca
2153567201	clam flyingfish turtle sailfish
1854561228	chameleon crow lark vole
4042581179	frog landfowl bobolink hoverfly
1648628446	carp panda gull clam
823549093	bass finch scorpion hedgehog
2946000320	dinosaur sawfish bonobo silverfish
3480657439	elephant dragonfly partridge rattlesnake
2038191346	chinchilla cougar koala rabbit
1027190697	bee sloth deer reindeer
2077963508	chipmunk echidna caribou parrot
159243203	alpaca flea barnacle sloth
1399705158	bug tiger mockingbird shark
1577603309	cardinal puma swallow lamprey
977173864	bedbug koala cobra baboon
1455079847	buzzard heron warbler chameleon
4133638874	gazelle wallaby eagle wasp
62522481	aardwolf piranha snake cow
4189008668	gerbil jay moose narwhal
3060642763	donkey tapir whale hippopotamus
3296130734	earthworm duck mosquito leopard
3015757365	dolphin pelican cobra hummingbird
1385138704	bug locust cricket pike
441144879	antelope walrus dragon hawk
19926466	aardvark manatee pony dinosaur
3377263161	echidna kiwi dormouse hornet
3312121412	earthworm platypus shrew marmoset
3986722003	fowl whitefish grouse centipede
105720854	albatross stork harrier aphid
2618356861	crawdad toad hookworm louse
3404344248	eel coral krill aardvark
481721271	ape armadillo clam hummingbird
2078090666	chipmunk eel eel locust
1363515649	bonobo turtle crocodile monkey
151461484	alpaca boar tapir ermine
2155251419	clam grouse butterfly leech
663883390	badger wolf trout skunk
3673023429	ferret krill hummingbird hamster
1635844704	carp finch bison mastodon
3528348223	elk marmot rat flamingo
659896978	badger swallow wildcat muskox
3915061449	flyingfish anglerfish caribou emu
3448785812	egret hawk dolphin chameleon
2354299363	condor roadrunner cat barnacle
2870689254	deer rat wasp kangaroo
3538992141	elk sparrow quail ant
987409928	bedbug rat lemming wolverine
1504246215	camel raccoon gamefowl tick
2180508794	clownfish baboon tarantula kite
3056112017	donkey rook boar meerkat
3718716860	finch possum lemming thrush
4213202411	gibbon boa sailfish leopard
242375246	anaconda meadowlark raven moose
1507237205	camel sloth firefly starfish
2891042480	dingo ermine lion dormouse
3290468943	earthworm bonobo manatee buzzard
1981340514	chicken parrot sawfish loon
2410488665	cougar eel squirrel porcupine
4160763108	gecko perch swift bonobo
331905779	anglerfish worm cat badger
542442422	aphid pike rodent crow
486582173	ape clownfish alligator quail
1452606552	buzzard gecko ox sparrow
1850948567	chameleon capybara tiger bobolink
3632244554	falcon grasshopper pheasant firefly
1842081313	centipede tapir vole ptarmigan
1373909260	bug crab warbler ostrich
448542971	antlion cattle wildebeest tarsier
657775134	badger skink snipe porpoise
2515794661	crab caribou lizard turkey
2418470656	cougar leopard snipe ox
1755518559	catfish mandrill flea llama
3068653618	dormouse bobcat coyote anteater
1691095529	cat sheep gibbon wasp
1773122100	cattle anaconda barracuda wren
40876035	aardwolf bobolink ocelot stingray
3619126662	falcon alligator haddock dingo
2396632877	coral tick thrush quail
534654632	aphid landfowl mackerel koi
4021699047	fox tortoise seahorse fly
1988187674	chicken spider mackerel marten
836284081	bass panda orca muskox
693327964	bandicoot salamander junglefowl whale
735778827	barnacle turtle echidna ant
456560110	antlion grasshopper earwig haddock
922680437	bear woodpecker roadrunner capybara
1197826896	boa jaguar antelope rooster
4109819503	gazelle ferret koala flamingo
3262085378	eagle gerbil mite cod
1468064889	buzzard roadrunner baboon earwig
1490273156	camel gopher fowl rook
922384659	bear wolverine bird tick
2789190486	cuckoo magpie yak herring
3344231101	earwig meerkat grouse ape
498806008	ape lobster dolphin vulture
3071478775	dormouse clownfish perch woodpecker
1246361834	boar reptile python gamefowl
3392656193	echidna swordfish basilisk raccoon
1623823276	caribou wildfowl pig clam
3813538587	flamingo echidna moose snake
1595176382	caribou cow gibbon koi
3069223429	dormouse buzzard gerbil clam
967977888	bedbug crayfish dormouse llama
1786571391	cattle haddock goat dove
1352431058	bonobo opossum dragonfly mackerel
752130825	barracuda grouse raccoon cardinal
1558276308	cardinal cow mockingbird impala
5881379	aardvark chicken antlion shrew
2485816614	coyote flyingfish chicken roadrunner
2139832909	cicada warbler bat parakeet
2893086536	dingo giraffe vicuna marten
4058683911	frog toucan flyingfish wildfowl
157716410	alpaca earwig emu starfish
2635226065	crayfish grasshopper manatee scorpion
2119951100	cicada hippopotamus salamander lungfish
1847976491	chameleon armadillo boar wasp
44798350	aardwolf crawdad wren mole
4060212117	frog weasel bobcat cobra
1274169328	bobcat llama leopard flyingfish
2799057551	cuckoo shrew wolf deer
3365660322	echidna cattle nightingale bandicoot
269497753	angelfish ferret gecko meadowlark
3196953124	dragonfly mockingbird crane snipe
767461171	barracuda sawfish woodpecker coyote
2901746422	dingo mollusk ant crocodile
450215389	antlion coral bandicoot chinchilla
1300538776	bobolink crocodile ermine squirrel
838724631	bass primate owl mongoose
10754698	aardvark emu woodpecker hare
1053902945	beetle mandrill capybara prawn
3781117516	fish hawk crocodile dragon
2176044347	clam tyrannosaurus opossum prawn
2165891422	clam parrot bass jellyfish
3064715557	donkey yak pike angelfish
810203200	basilisk vulture impala ox
1944309407	chickadee parakeet snipe worm
282774386	angelfish parrotfish bass gamefowl
582792233	armadillo sawfish ostrich snail
3352129396	earwig salmon moose ox
513397827	ape tick sole cricket
3478940870	elephant crayfish cobra swordtail
919428461	bear thrush iguana iguana
4156235752	gecko marten armadillo jellyfish
2102264359	chipmunk vicuna eel cockroach
3826227546	flamingo ocelot angelfish skink
35494129	aardvark whippet beetle wolf
308854172	anglerfish grasshopper dragon albatross
1804123211	cattle stingray orca hoverfly
2428069166	cougar rhinoceros hare zebra
1437035189	butterfly trout crocodile worm
3055582352	donkey reindeer fowl wolverine
2546378415	crab whale flamingo ant
1594238018	caribou cicada swordtail marten
212014777	amphibian rat weasel alpaca
332779716	ant alpaca amphibian lemming
3533481299	elk piranha ant wasp
2103274134	chipmunk whale haddock mandrill
994779389	bedbug vole walrus leopard
1729719864	caterpillar spider parrotfish walrus
1578884151	cardinal roadrunner horse squid
2666925098	cricket crow heron bedbug
2279624065	cockroach rabbit prawn toucan
323832044	anglerfish roundworm fox mouse
561360731	armadillo coyote grasshopper whippet
4079623422	gamefowl lark cheetah hamster
837656645	bass pigeon alligator hoverfly
437818592	antelope stingray dragonfly marmoset
3839869631	flamingo worm baboon antelope
134934802	alligator parakeet spoonbill nightingale
2345426249	condor louse buzzard bat
3743139348	firefly grouse quokka porpoise
4189583971	gerbil kite sawfish donkey
2889161830	dingo dog manatee parakeet
3932686477	flyingfish lizard bear finch
1826918536	centipede lamprey cow squirrel
4075321927	gamefowl grasshopper gorilla woodpecker
602174202	baboon fish hoverfly vole
1329751569	bonobo alligator rabbit weasel
2938234940	dinosaur minnow bee goat
1368106603	bug baboon octopus dinosaur
1162348750	blackbird landfowl bison scorpion
1354201557	bonobo penguin cuckoo gibbon
1444413744	buzzard butterfly rodent skink
1238377167	boar mammal puffin goldfish
1343631842	bonobo halibut toad kite
75597785	albatross armadillo rattlesnake gull
1465143140	buzzard perch porcupine dormouse
68998003	aardwolf swallow cuckoo crawdad
2489352758	coyote hornet baboon silverfish
4034728989	frog eagle falcon earwig
1067550424	beetle tortoise cow caribou
4269071447	giraffe narwhal mouse gull
1017630154	bee mastodon amphibian hippopotamus
1168958113	blackbird parrot platypus python
3392904076	echidna tapir finch caribou
1914413435	cheetah spoonbill deer falcon
3476039838	elephant cat angelfish bear
3917346661	flyingfish beetle raccoon scorpion
1900265856	cheetah kiwi panther bear
3782788831	fish jay ermine crocodile
982836914	bedbug nightingale dormouse crab
290166377	angelfish stingray quail lizard
3950275764	flyingfish wolf piranha wombat
842805379	bass smelt jay beetle
2174524422	clam tarantula tuna guanaco
1948468141	chickadee rooster gecko pheasant
3407171880	eel earthworm wildcat hamster
4156686951	gecko mink butterfly hawk
1515003034	capybara ant gecko partridge
1455997745	buzzard iguana cuckoo mouse
2989449948	dog weasel vulture cicada
3518406795	elk elephant bird cicada
1413446766	butterfly eel lion tapir
4126808309	gazelle roadrunner peafowl raven
3489715664	elephant llama goat ocelot
49983215	aardwolf goldfish reindeer raven
1513361282	camel wombat magpie lamprey
317950201	anglerfish narwhal elephant hippopotamus
2612076036	crawdad raccoon sailfish cobra
2764509587	crow sturgeon hoverfly moose
2733009366	crow alpaca goldfish gazelle
2788398909	cuckoo locust stingray ferret
4517752	aardvark camel rat smelt
437316727	antelope spider rabbit jellyfish
1696685930	cat walrus roadrunner wallaby
4236183489	gibbon puma amphibian rat
1842495020	centipede tern pelican bedbug
2804786075	cuckoo weasel otter albatross
3809674302	flamingo chipmunk raven guanaco
3257196165	eagle crane lark sturgeon
2213821984	clownfish wasp fish bass
1370938111	bug cardinal chickadee eagle
2699078738	crocodile blackbird grasshopper marten
3229769609	duck koi centipede sole
1233085268	boar hare yak rook
1823372963	centipede guppy cuckoo leech
3665488806	ferret eagle lamprey termite
1371999949	bug cheetah quokka wildcat
628449736	badger anaconda gull jellyfish
1961007751	chicken bobolink hoverfly chinchilla
2360448570	condor turkey monkey cattle
3472404561	elephant antlion dinosaur fox
221851004	anaconda albatross parrotfish deer
563194539	armadillo dormouse tick termite
2777137166	cuckoo crane ferret dormouse
2083997717	chipmunk jackal marmoset heron
2617440880	crawdad tapir chameleon smelt
3444460303	egret egret dingo ostrich
801619234	basilisk prawn angelfish wildcat
3074497049	dormouse dragonfly tern swan
127155364	alligator jay pike vulture
2602786739	crawdad lemming aardvark harrier
2379686262	coral jellyfish bear wren
1815521885	centipede chinchilla hummingbird penguin
640395288	badger gibbon boar wildfowl
4227337367	gibbon lark dog silverfish
399163658	anteater silverfish peafowl peacock
345947361	ant grouse rodent whitefish
4189663436	gerbil kiwi limpet swordtail
2016654779	chimpanzee newt donkey gopher
2965024734	dog falcon penguin cobra
3299497381	earthworm goldfish weasel marlin
1951533760	chickadee squid wombat rattlesnake
3785490207	fish loon parakeet kiwi
659964402	badger swan mockingbird bee
179878057	alpaca swan cattle giraffe
1776593396	cattle bug grouse firefly
1368837315	bug bat crawdad mink
1974995782	chicken leech meerkat eagle
2770037229	cuckoo amphibian earwig buzzard
3811361384	flamingo crayfish whale pig
2538750631	crab reptile lungfish roundworm
880402394	bat spider leopard antelope
1377447281	bug finch stingray fowl
1172785180	blackbird rodent crane horse
4205102283	gerbil swordfish python scallop
3574125486	emu seahorse mastodon mink
1043793717	beetle eagle whale peafowl
105279248	albatross squirrel hippopotamus thrush
1993537327	chicken woodpecker sailfish mole
2000239298	chimpanzee chipmunk crawdad ocelot
3568450361	emu otter haddock chameleon
3584404292	ermine bat dove starfish
3518610899	elk elk tyrannosaurus boa
1847240982	chameleon anglerfish krill cricket
4132326781	gazelle toad impala rabbit
2189275320	clownfish elk wallaby gorilla
858930359	bat dragonfly stingray junglefowl
3356226218	earwig tarsier manatee hookworm
3662938625	ferret cougar landfowl piranha
4254626668	giraffe crocodile gecko partridge
548788187	aphid stoat woodpecker mite
1846487934	chameleon aardwolf perch skink
500587717	ape marten flea horse
948250464	beaver pheasant giraffe wren
21115711	aardvark minnow hoverfly marlin
2925373330	dinosaur crow blackbird tern
3308691913	earthworm mouse swan reptile
3511435412	elk blackbird crocodile bird
2373792483	coral elephant turkey weasel
1178335974	blackbird tortoise eagle krill
870864141	bat mollusk lamprey orca
3210965768	dragonfly weasel mite spoonbill
3491297991	elephant marmoset ocelot goldfish
1057880442	beetle panda yak cattle
1584741009	cardinal trout dinosaur alligator
1977725628	chicken mastodon cockroach aardvark
2591551211	crawdad cobra pheasant bat
850048846	bat anaconda rook dinosaur
3133232725	dove squirrel mockingbird elephant
787690416	basilisk gamefowl hookworm pigeon
2442179407	cow cat owl blackbird
3404761186	eel crab damselfly bass
2995711065	dolphin cardinal heron fox
1418553828	butterfly hornet marten herring
923937779	beaver angelfish blackbird turtle
2425946294	cougar pony dormouse albatross
2621603997	crawdad yak platypus perch
979568984	bedbug macaw salmon mouse
2462547159	cow pike fly loon
1565324362	cardinal hare cat rodent
2112280353	cicada coyote mouse dolphin
2635597324	crayfish guineafowl tarantula pheasant
1614547451	caribou python anteater spoonbill
83392286	albatross dragonfly antelope elk
510718949	ape snake perch manatee
2595591168	crawdad ermine bug bear
3835656031	flamingo swift baboon mole
173989170	alpaca primate ape aardvark
692329193	bandicoot reindeer jay panda
408823604	antelope bat sawfish locust
3504974083	elephant trout warbler pony
1928247942	chickadee cricket wren gorilla
1744162861	catfish deer toad flamingo
3376509864	echidna jaguar kite duck
3560882919	emu impala caterpillar boar
232121114	anaconda elk echidna heron
1448204209	buzzard cricket wallaby monkey
1255173468	boar wren cod platypus
3264424203	eagle heron peacock pigeon
3260377838	eagle falcon clam jaguar
2493396341	coyote lynx loon porcupine
171001936	alpaca orca boar frog
1938784111	chickadee llama albatross lobster
3109398018	dove crab ostrich mongoose
4229901689	gibbon marmot grouse lamprey
3874715780	flea vicuna ermine capybara
3182733843	dragonfly condor wolverine emu
1983522902	chicken ptarmigan koala deer
1507541949	camel snail bandicoot aardvark
3338908152	earwig hoverfly grasshopper crane
834653431	bass mouse turtle rodent
854967786	bat cheetah camel snake
329202753	anglerfish toucan roadrunner stingray
2413815980	cougar grouse stingray otter
2051951643	chinchilla mink marsupial walrus
324965054	anglerfish shrew marlin antelope
994188037	bedbug turkey newt partridge
957042848	beaver trout otter marmoset
2210515839	clownfish stork lemur porpoise
63038162	aardwolf possum landfowl seahorse
3559465993	emu harrier gorilla bass
3955383764	fowl butterfly roadrunner fowl
3496226595	elephant pig basilisk whitefish
1454918182	buzzard hedgehog lemur pelican
1326177101	bobolink toucan lion sloth
1676592200	cat heron marsupial hookworm
2630589191	crayfish dinosaur python dog
1983487162	chicken ptarmigan caterpillar tiger
2146960593	clam catfish goat bonobo
106657788	albatross tarantula spider parrotfish
3095294763	dormouse smelt kangaroo krill
1005645454	bee deer vole flyingfish
2459280533	cow moth stingray snail
1613278448	caribou pike monkey anglerfish
920083343	bear trout gecko aphid
3302003618	earthworm hoverfly marten sawfish
3232431769	duck manatee chickadee flamingo
58709796	aardwolf monkey jellyfish platypus
1546205235	capybara swan puffin whitefish
3555074038	emu echidna rhinoceros alpaca
3470825181	egret wren yak jay
4119308952	gazelle marten ape cheetah
1797467415	cattle perch narwhal armadillo
409888650	antelope boar halibut squid
2479173985	coyote caterpillar dragon turkey
563616588	armadillo duck prawn fish
913612347	bear rat wolverine octopus
3945365086	flyingfish spoonbill hippopotamus coyote
219271717	amphibian vole hawk opossum
2242796864	cobra raccoon mouse puffin
2595303327	crawdad elephant loon pigeon
1458485362	buzzard limpet parrotfish turkey
3341663529	earwig limpet crawdad newt
203482228	amphibian locust albatross rattlesnake
1148503363	blackbird bobcat dingo baboon
2155915718	clam halibut bobolink gull
2599581293	crawdad hedgehog blackbird iguana
1184064744	boa basilisk turtle wombat
1724351271	caterpillar pony donkey armadillo
3248563802	duck wildfowl ostrich starfish
95404529	albatross mollusk gorilla bird
2116735644	cicada fowl salmon limpet
1170328907	blackbird platypus barnacle crow
191185454	amphibian clownfish butterfly leopard
2674893749	cricket jaguar duck whippet
3439419792	egret catfish salmon whitefish
3111143343	dove dove guineafowl shrimp
1674137922	cat gecko hoverfly crane
1937399737	chickadee koi lynx damselfly
886736324	bear alpaca narwhal spoonbill
217568851	amphibian termite ape toucan
2458183574	cow mink whitefish parrot
1058699773	beetle pelican haddock moth
3877040952	flea yak dragonfly octopus
3724123447	finch starfish dolphin tern
1360976170	bonobo stingray flyingfish macaw
3667965569	ferret gamefowl skink ocelot
837328364	bass perch baboon moose
3761700955	firefly swan camel eagle
2453748222	cow junglefowl wildcat egret
1353193797	bonobo panda caterpillar antlion
3334912480	earwig flea gamefowl coral
2843059135	damselfly wren scallop camel
3024969234	dolphin tuna dove platypus
1738139209	catfish bat mongoose eagle
1310833428	bobolink lion caribou puma
3919801187	flyingfish chameleon swan raccoon
3006257510	dolphin hookworm locust gamefowl
2708578701	crocodile goldfish antelope wildfowl
2086098312	chipmunk leopard lemur limpet
3006954311	dolphin iguana shark snail
2910093306	dingo silverfish ferret vole
4123070225	gazelle parrot whale earthworm
468090172	antlion perch dormouse coral
3085252459	dormouse marmot tarsier hedgehog
1352295886	bonobo octopus ape muskox
3388224213	echidna roadrunner boa lemming
3236128304	duck otter leopard amphibian
2640462799	crayfish llama rook ptarmigan
11001570	aardvark ferret crawdad reindeer
3956625625	fowl centipede weasel ostrich
430670948	antelope partridge shrimp chameleon
3467150451	egret termite stingray cricket
3472785206	elephant armadillo pelican heron
2454777117	cow landfowl donkey bandicoot
282692568	angelfish parrot frog orca
1833639255	centipede parrot silverfish condor
2490309322	coyote jaguar perch guineafowl
2826554273	damselfly marlin vulture wildebeest
880373900	bat spider dingo koi
1193112187	boa flamingo louse lark
3264071070	eagle harrier lark cuckoo
3872190565	flea stork louse tern
377251456	anteater cricket basilisk dragon
4095158239	gamefowl tick donkey lemur
3225801650	duck gopher grouse aphid
2125832041	cicada mink skink aardwolf
2590826932	crawdad chimpanzee centipede barnacle
2155356547	clam guanaco basilisk cockroach
3853375750	flea goldfish spoonbill warbler
1548836013	capybara wallaby jellyfish cow
1684182568	cat narwhal aardwolf flamingo
1194099559	boa gecko hoverfly meadowlark
1796975002	cattle peacock chipmunk frog
1114893361	bison coral caterpillar bug
3711334364	finch llama toucan dog
3765481867	firefly wildfowl cricket goose
3749206382	firefly magpie jellyfish anglerfish
1156272629	blackbird flea ferret clownfish
2146876112	clam caterpillar mongoose hookworm
1219842031	boar antelope mink elephant
4191435906	gerbil lobster lark newt
1694749177	cat tern ermine swallow
1687868164	cat prawn dog chinchilla
2747482771	crow heron swift alpaca
3661293270	ferret chameleon owl pigeon
1414262845	butterfly ferret stoat minnow
1006072952	bee dolphin shark boa
1075817847	bird carp rhinoceros cuckoo
231156842	anaconda dragonfly mockingbird piranha
2711122113	crocodile horse wildebeest squid
821203756	bass dinosaur otter giraffe
3199202459	dragonfly otter leopard moose
3925287230	flyingfish finch giraffe gerbil
3561510789	emu junglefowl shrew mosquito
1660379936	carp whitefish goat viper
2191375359	clownfish gibbon swordtail scallop
322967890	anglerfish raven magpie marlin
969468041	bedbug dove pike jaguar
3987363924	fowl wombat cheetah sparrow
3447383971	egret gopher mouse horse
1122150566	bison hamster mollusk lungfish
1767483341	catfish sturgeon crawdad sawfish
2984060616	dog skink gecko wren
732273543	barnacle snake partridge panther
2684265274	cricket piranha salamander pheasant
3255851345	eagle cicada goose grouse
1405272700	butterfly bandicoot scorpion caterpillar
351026091	ant llama meadowlark herring
1072110862	bird antelope fox caterpillar
1729954069	caterpillar squid sailfish eagle
576937840	armadillo octopus spider bass
3849415695	flea donkey carp termite
2713086498	crocodile ladybug pigeon tick
2119033625	cicada halibut lizard gerbil
3696259492	finch boa wildcat goose
2463109299	cow porpoise halibut octopus
958537334	beaver whale butterfly leopard
3033760605	donkey chickadee mammal crane
2241375512	cobra pony scallop harrier
3246345623	duck toucan orca parrot
1552879114	cardinal badger tiger ox
1313121761	bobolink mastodon rooster moose
3271296460	eagle monkey owl blackbird
511084219	ape sparrow wildebeest jellyfish
711281886	barnacle duck gopher owl
1105350309	bird viper bedbug ferret
1851764672	chameleon centipede duck swan
554786847	armadillo anglerfish bee mink
967061234	bedbug cod wombat seahorse
706462121	barnacle caribou termite swan
1484922612	camel crayfish bear basilisk
2570304963	crane muskox bedbug lynx
699811910	bandicoot warbler turkey earthworm
173179629	alpaca pike raccoon walrus
1810827112	centipede ape bird dragon
2913846183	dingo tortoise catfish sparrow
1703242970	caterpillar capybara tarsier rhinoceros
786323057	basilisk falcon bee lizard
2771606812	cuckoo barnacle hummingbird mole
786421195	basilisk falcon wildcat crawdad
2916004014	dingo wildcat mouse skink
2874228789	deer sole swan pigeon
2488357904	coyote hamster bedbug dragonfly
1637783599	carp goldfish mockingbird bass
1052141506	beetle leopard dog bobcat
989561913	bedbug sheep tern hawk
1534353476	capybara marmot spider boa
2790715091	cuckoo mite rattlesnake shrew
2761696790	crow seahorse bandicoot rhinoceros
2276435581	cockroach panda weasel tarantula
1592079800	caribou butterfly horse hoverfly
2691825079	cricket tern warbler sheep
2486091690	coyote fox owl skink
449211137	antlion chimpanzee zebra harrier
440256620	antelope turkey dolphin wasp
3254331611	eagle caribou panther mouse
1505773694	camel salmon bobolink turtle
2086852037	chipmunk loon elk viper
3470609504	egret worm baboon rook
1601836095	caribou guppy hedgehog mule
3017413778	dolphin ptarmigan buzzard otter
1156983497	blackbird gamefowl possum trout
4288427412	goat cat cheetah hawk
2955584483	dog ape mandrill bedbug
756070374	barracuda lamprey duck mule
621014541	baboon sloth fox magpie
3988797448	fox angelfish bee ptarmigan
1582103495	cardinal spoonbill kangaroo marmoset
1226311290	boar crane toad lemming
656794513	badger scallop worm tern
2335197116	condor dinosaur swallow wasp
2345893867	condor mackerel gazelle frog
420942926	antelope hedgehog bear swan
2958036821	dog bobolink parrot kite
2515048624	crab bonobo salamander minnow
1866781775	chameleon marsupial pike eel
188495202	amphibian bobcat starfish parrotfish
39105881	aardwolf barnacle parrotfish bedbug
3501104868	elephant skunk barnacle impala
3974094067	fowl octopus lemming horse
160497078	alpaca giraffe grouse crane
1151883677	blackbird coral puffin catfish
2365918808	coral bat tuna elk
3489643991	elephant lizard porpoise halibut
1007567178	bee elk earthworm duck
1466286113	buzzard prawn albatross mouse
4200585996	gerbil rhinoceros zebra gorilla
2294274811	cod caribou snipe centipede
32511006	aardvark swordtail cockroach panther
4103204069	gazelle buzzard silkworm catfish
4002953472	fox heron rattlesnake ferret
2447366239	cow eel hornet chinchilla
4132031026	gazelle thrush rooster mole
3818922985	flamingo hoverfly chameleon coral
463510580	antlion marmot warbler peacock
3806829059	flamingo blackbird bird boa
333051782	ant anaconda krill lizard
1127606573	bison mammal scallop turtle
3866671272	flea primate raven jay
311116775	anglerfish hummingbird parrotfish narwhal
1277063194	bobcat mollusk monkey muskox
758055089	barracuda mackerel chicken prawn
1398899292	bug tapir flamingo salamander
223296011	anaconda armadillo pike moose
631785454	badger bonobo kite nightingale
954297973	beaver spider tapir pheasant
3142659408	dragon bobolink mongoose owl
2221678703	cobra chinchilla chickadee sloth
900715266	bear hare penguin panther
2678158969	cricket macaw prawn hyena
1051143556	beetle koi dog dragon
2029181715	chimpanzee wasp crayfish scallop
2296948054	cod coyote vole tiger
126196925	alligator horse armadillo raven
689977080	bandicoot pigeon deer dolphin
2268106231	cockroach hoverfly spider smelt
1335202538	bonobo chickadee termite deer
946513217	beaver orca pig antelope
3138010540	dove wolverine peacock beaver
3595738395	ermine gull koi cow
1625075646	carp albatross wolf armadillo
1060606981	beetle puma mole warbler
196638112	amphibian fox elk spider
3494554751	elephant ostrich worm hookworm
1767591890	catfish swallow condor rhinoceros
3277958409	eagle roundworm ptarmigan walrus
4181152468	gerbil damselfly raven horse
99786787	albatross porcupine swordtail angelfish
3640264486	falcon mollusk aardwolf cockroach
2461037645	cow panda porpoise jaguar
1497401672	camel marmot muskox puffin
3815808007	flamingo gecko barnacle tiger
3825248698	flamingo moose cougar frog
2806099409	cuckoo wren landfowl wasp
3748596988	firefly loon warbler alpaca
417006635	antelope ermine mockingbird clownfish
728386446	barnacle python muskox pigeon
734879125	barnacle tick chicken crocodile
1823674864	centipede halibut warbler blackbird
3676077199	ferret marmot whippet swallow
3766042786	firefly worm echidna sheep
1110034329	bison barracuda flyingfish hummingbird
3154512932	dragon hyena lark silverfish
1628956979	carp bug wolf porcupine
2005605622	chimpanzee flea mule possum
2416930781	cougar kangaroo walrus harrier
2690559896	cricket stork mandrill junglefowl
1091333655	bird marsupial perch dolphin
1043117194	beetle donkey stoat bass
3592231521	ermine egret spider armadillo
1206186060	boa peacock horse gorilla
2453237563	cow jackal gorilla roundworm
1752046430	catfish junglefowl aardvark piranha
354143013	ant monkey pelican magpie
946209344	beaver octopus vulture lizard
4139946143	gecko butterfly cattle porcupine
1769383282	catfish trout giraffe flamingo
92456489	albatross lizard salamander butterfly
4178073972	gerbil cattle wombat pigeon
4057183811	frog swan shark chipmunk
2874730182	deer squirrel harrier guanaco
3845885805	flea chameleon finch octopus
2638195176	crayfish jellyfish fly antlion
772080679	barracuda toad ox moth
4196840282	gerbil parrot cricket wildebeest
3752192753	firefly newt gull bobolink
2768299932	crow wildcat mule alligator
2550062667	crane barnacle magpie squid
910499630	bear parrot tortoise capybara
2480659637	coyote clownfish parrot gerbil
3862316688	flea mosquito lamprey newt
1901979823	cheetah lobster bobolink camel
570457666	armadillo junglefowl heron beetle
2100668601	chipmunk tarantula tarantula buzzard
1936931524	chickadee kingfisher finch cockroach
3218540371	duck chicken tapir hedgehog
1583375510	cardinal swordfish turkey hookworm
1108202237	bison alligator sheep panda
3018356792	dolphin rat octopus locust
3164298807	dragon piranha quokka slug
3946554922	flyingfish swordfish caterpillar elephant
751116161	barracuda gerbil mongoose bird
546829036	aphid silverfish flyingfish dinosaur
670847323	bandicoot chinchilla puffin macaw
3196868350	dragonfly mite jellyfish dragon
1392939589	bug puma meerkat roundworm
1523113696	capybara donkey lark aardwolf
2773451967	cuckoo bonobo basilisk mongoose
1191430930	boa eagle goose partridge
793472841	basilisk lemming mastodon fox
2411442196	cougar firefly kangaroo chickadee
2199051363	clownfish marsupial bobcat squid
3990787686	fox beaver anteater herring
2963225229	dog donkey jellyfish duck
1570642568	cardinal mammal boa goat
2471525447	cow vicuna elephant gerbil
3958934778	fowl crawdad sawfish ant
77838353	albatross bobolink walrus silverfish
2914980412	dingo vulture guanaco vicuna
4165126251	gecko sheep crocodile owl
102810318	albatross scallop cattle platypus
2681531349	cricket ocelot camel platypus
939707184	beaver junglefowl firefly limpet
154690767	alpaca condor aardwolf sparrow
78482402	albatross capybara rhinoceros tarsier
1208818137	boa raccoon cheetah limpet
2744564068	crow fox marsupial caterpillar
3015193971	dolphin parrot boar marmot
4199578678	gerbil quail toucan haddock
625526301	baboon vulture alpaca gorilla
2028310744	chimpanzee tyrannosaurus gorilla dragon
4242890327	gibbon tick lion harrier
2922014666	dinosaur caribou silkworm sloth
480949409	ape anglerfish crayfish lungfish
1489716620	camel gibbon firefly leech
2267235195	cockroach hawk worm boar
3172950686	dragon turtle rhinoceros jaguar
4190103909	gerbil ladybug krill octopus
755567488	barracuda kiwi quail jackal
1073318111	bird bass crawdad locust
1181401266	blackbird wren toad marmot
704882793	barnacle bird parakeet cattle
1173968564	blackbird seahorse swordtail capybara
2587366019	crawdad bass viper turtle
930289158	beaver coral guineafowl cat
245593517	anaconda panther roundworm bat
2575555368	crane reindeer hyena llama
4166714471	gecko sparrow marlin bat
2329818778	condor blackbird grouse scorpion
679679281	bandicoot herring grasshopper turkey
2538704092	crab reptile bobcat alpaca
724484747	barnacle ocelot hoverfly swan
249902702	anaconda rooster orangutan meerkat
2726333173	crocodile snipe cattle possum
1178640336	blackbird tuna alligator krill
682881263	bandicoot leopard dog leech
2263378306	cockroach falcon crab squirrel
4260895481	giraffe hamster swallow turtle
2669185028	cricket elephant sawfish parrot
1598256019	caribou elephant butterfly opossum
1011049430	bee guppy pelican lamprey
3850914109	flea elk panda ostrich
1484650872	camel crab octopus ant
1223847543	boar catfish pike squid
1382087018	bug hyena pony koi
1779816897	cattle cow jackal lemming
2552686636	crane caribou cougar ostrich
590759323	armadillo zebra leech angelfish
1913601598	cheetah slug tortoise giraffe
772788357	barracuda tyrannosaurus anglerfish roadrunner
1028556832	bee starfish marsupial dragon
4006124799	fox lemur gerbil shrimp
2685634130	cricket quokka camel gopher
1123250569	bison horse lizard snipe
3093908820	dormouse scallop wasp landfowl
466311331	antlion orangutan crane frog
1392403878	bug possum raccoon ant
3171958989	dragon thrush skink guanaco
2753096648	crow marten lion lizard
2251070599	cobra whippet crayfish roundworm
473935930	antlion snipe wildcat angelfish
1099694673	bird sawfish beaver herring
2472564604	cow whale parakeet vicuna
2789919915	cuckoo marsupial minnow tapir
2021292558	chimpanzee rat bat octopus
312916501	anglerfish ladybug tarsier coral
3373778032	echidna grasshopper slug meadowlark
433622287	antelope rattlesnake horse anteater
2602112802	crawdad koi turkey mastodon
1581165593	cardinal sloth yak anglerfish
3433080484	eel wildebeest newt aardwolf
3909140915	fly stork raccoon toad
1226906486	boar cuckoo echidna stork
3532938333	elk perch carp hummingbird
265925144	angelfish coyote camel albatross
734695063	barnacle tern lion lark
390552330	anteater mockingbird alligator slug
3176042209	dragonfly alligator ostrich ermine
441637580	antelope whale pony wolverine
4089272251	gamefowl rattlesnake chinchilla squirrel
2672028126	cricket gorilla hoverfly lemming
951994277	beaver sawfish bonobo penguin
3988870336	fox angelfish rat moth
2646917407	crayfish pheasant wildebeest turkey
2154175474	clam gecko hookworm horse
727894697	barnacle primate cicada whippet
2545128436	crab turtle antlion gecko
4032081603	frog coral hoverfly chimpanzee
1063814470	beetle silverfish lobster baboon
497916909	ape leech cuckoo wildfowl
612715624	baboon moose leech stoat
2848801959	deer centipede minnow sparrow
1501886938	camel penguin bandicoot woodpecker
705068913	barnacle blackbird gamefowl basilisk
1737716252	catfish barnacle sailfish capybara
1662969547	cat antelope porpoise marlin
516459950	ape woodpecker junglefowl sawfish
2333047093	condor cobra lark hyena
1286617360	bobcat spider reindeer sheep
3937286447	flyingfish opossum marten anglerfish
665294018	bandicoot amphibian otter viper
2351484217	condor pheasant reindeer chinchilla
2799113540	cuckoo shrimp lark grouse
2071470035	chipmunk boa minnow raccoon
2043781910	chinchilla giraffe swordtail crayfish
3761569661	firefly sturgeon viper worm
2954934968	dog angelfish pig mollusk
1953873591	chickadee toucan beetle duck
2957348010	dog bird jay weasel
2728186881	crocodile swordtail stork hawk
2935430508	dinosaur leopard seahorse orca
1950382555	chickadee sloth mouse pelican
3131401598	dove shrimp basilisk heron
2257800901	cockroach catfish toad tarantula
1955164512	chickadee walrus python tick
4243977535	gibbon vicuna firefly elephant
130711954	alligator manatee rook hare
4170822601	gecko warbler monkey sheep
2826971796	damselfly marten possum shark
73143523	aardwolf wolverine narwhal crocodile
798586086	basilisk opossum pelican hornet
910395149	bear parakeet wildcat grouse
368114952	ant wildcat pelican fish
340065479	ant crane puffin parrot
1880494970	chameleon turtle goose aphid
2688191633	cricket shrew cockroach marmoset
1838341308	centipede scallop crawdad krill
3744665835	firefly hippopotamus limpet reindeer
2444718414	cow crab mammal rat
3397568597	eel alligator grasshopper porcupine
825359792	bass goldfish butterfly viper
1832711503	centipede orca jay centipede
117170786	alligator cicada panther crow
251559513	anaconda skink mink wildfowl
3160658916	dragon moose toad cricket
1160875507	blackbird jackal silkworm ostrich
1530722998	capybara kingfisher boar rodent
2788307613	cuckoo locust antelope cat
2658866008	cricket aardwolf python muskox
905707223	bear macaw piranha locust
1153666634	blackbird dog sheep grouse
2320017697	cod snail wombat bug
3116085260	dove halibut vulture harrier
2756160507	crow owl caribou egret
3994792222	fox cockroach cattle ape
2824267237	damselfly leech fly yak
3687767552	ferret swallow hamster antelope
2154051935	clam gazelle ferret iguana
1252570930	boar tuna puffin eagle
601894121	baboon ferret tern starfish
3279360308	eagle silverfish gopher starfish
1214876419	boa thrush scorpion mammal
2323199110	cod toucan pelican tiger
2962883117	dog dinosaur gopher thrush
3347316136	earwig panther cod hippopotamus
3130770663	dove scallop guineafowl porpoise
22740250	aardvark nightingale bear ape
1181755825	boa aardwolf bobolink ermine
2466682716	cow shrew narwhal mule
470764299	antlion reindeer grasshopper mule
355411182	ant opossum bobolink squid
3016271733	dolphin pig slug bear
2865042000	deer monkey anglerfish quokka
931971439	beaver dinosaur marlin anteater
125698050	alligator heron marmoset octopus
3523723129	elk hyena anteater caterpillar
2951668356	dinosaur viper crow vole
2025131027	chimpanzee spider pigeon marten
2924159574	dinosaur condor centipede wombat
1616115133	caribou rooster chipmunk moth
2484124664	coyote earwig tick snail
3345305335	earwig mosquito badger wildcat
1881759722	chameleon whale rodent boa
3365539393	echidna catfish lynx tiger
843616940	bass spoonbill rodent crab
123399707	alligator gerbil slug piranha
395234494	anteater porpoise dingo guineafowl
1389432069	bug opossum viper perch
28940960	aardvark sawfish worm seahorse
1612156287	caribou parrotfish krill cicada
1365818578	bonobo woodpecker worm ermine
2323527177	cod turkey orca bison
3577759700	emu tarsier gazelle capybara
2969899299	dog hyena orca loon
3941581862	flyingfish rattlesnake ermine chipmunk
3665366349	ferret duck guineafowl cheetah
3697692232	finch cat tarantula swordfish
3587808519	ermine chicken wasp roadrunner
582727354	armadillo sawfish baboon yak
2733594321	crow ant opossum weasel
1503044092	camel porpoise lemur turkey
2671482155	cricket giraffe limpet viper
2702682254	crocodile condor stoat turtle
1302926997	bobolink elephant snake pigeon
3247535856	duck walrus grasshopper tyrannosaurus
2745539983	crow goldfish goldfish skunk
3952471458	fowl antlion leopard parrotfish
613191833	baboon mule salmon trout
941637924	beaver lion ptarmigan loon
1284151859	bobcat salamander loon tarsier
1743002102	catfish coyote jaguar marmoset
3999418589	fox fish sturgeon antelope
2651436184	crayfish shrimp puma smelt
3283726103	eagle turtle quokka goat
1105133962	bird tyrannosaurus cardinal muskox
2514027361	crab bee meerkat ptarmigan
2756035916	crow otter albatross carp
2768388155	crow wildebeest hawk wallaby
3370563678	echidna eel snipe squid
1590281253	caribou bass cow guppy
2557585216	crane duck guineafowl beetle
2551706015	crane bobcat goldfish snail
410161778	antelope bobolink squirrel badger
1841024809	centipede stingray hookworm anteater
3733180020	firefly boa trout skink
917940035	bear stoat albatross pig
535110598	aphid lemur owl rabbit
2779293805	cuckoo eagle raven ox
1270869736	bobcat hornet raccoon ostrich
3808855335	flamingo centipede gorilla alligator
1570783322	cardinal manatee grouse antelope
536876017	aphid manatee meadowlark ermine
3605724316	ermine panda louse warbler
1916792651	cheetah toad pike bird
3780705326	fish halibut lizard junglefowl
3270251957	eagle meadowlark crocodile junglefowl
1371483024	bug catfish bat owl
3482290607	elephant firefly hare chameleon
1772858178	cattle alligator pig impala
3117740473	dove iguana swallow aardwolf
530575300	aphid grouse rattlesnake crocodile
4214896723	gibbon cattle badger louse
2968510870	dog hare bug barnacle
3559205885	emu hamster alpaca whippet
495844664	ape hyena mandrill amphibian
167845687	alpaca marlin otter bobcat
1028420394	bee squirrel fowl magpie
239962241	anaconda limpet woodpecker gamefowl
794511340	basilisk loon turkey vulture
147169883	alligator woodpecker cobra mouse
1208710142	boa rabbit cobra cod
3372813125	echidna gerbil buzzard wallaby
639566816	badger flyingfish orca bat
3899483583	fly mouse panda tortoise
2418948114	cougar lobster caterpillar kangaroo
1927346249	chickadee coral stoat mite
4092175636	gamefowl slug goat python
3590737251	ermine dog grasshopper reindeer
742478694	barracuda bobolink piranha reindeer
2817577869	damselfly finch wren shrimp
1622728584	caribou wallaby silverfish skink
2737470791	crow carp mongoose albatross
2943392250	dinosaur prawn monkey rooster
199909649	amphibian hookworm seahorse eel
3031148348	donkey beetle wolf moose
581196139	armadillo rat dog reptile
903552974	bear krill eagle falcon
1650042069	carp pigeon capybara emu
192294960	amphibian crane camel gibbon
2639431119	crayfish landfowl kiwi mockingbird
740767970	barracuda barracuda eagle jaguar
2838029017	damselfly stingray hoverfly partridge
1159065188	blackbird hamster lark dog
3276531315	eagle quokka squid guppy
3864426806	flea parakeet llama firefly
962895645	bedbug beaver horse loon
3351614936	earwig rook wasp puffin
3175325527	dragon wren cicada blackbird
1507439818	camel smelt carp finch
843029921	bass snake koi halibut
2268142220	cockroach hummingbird chinchilla thrush
1110250619	bison bass earthworm wallaby
2397372318	coral turkey mink earwig
2992038501	dolphin ant elephant mule
82423936	albatross deer finch frog
3575638495	emu snipe crab caterpillar
2634263986	crayfish gecko stork partridge
2738205033	crow cheetah crab vole
1041877940	beetle crayfish pig mollusk
2407269251	cougar condor sloth seahorse
1189892870	boa crow leech stork
454659757	antlion flea carp nightingale
3128500264	dove puma thrush pike
458065255	antlion heron spoonbill gecko
2308227994	cod lobster partridge moth
2566274609	crane limpet rabbit gopher
813736412	bass antlion falcon tarsier
3253785483	eagle butterfly python mockingbird
2995131246	dolphin bug clam cardinal
2662974453	cricket butterfly salamander egret
1927185616	chickadee condor hookworm coral
3002503663	dolphin flamingo parrotfish louse
3513816706	elk chickadee platypus camel
1842373625	centipede termite mite mackerel
2603236612	crawdad lion barnacle grasshopper
3880232083	fly bee antlion moth
2566906070	crane loon hyena otter
3924337213	flyingfish echidna salmon jackal
2782428792	cuckoo goldfish anaconda anaconda
1149841271	blackbird caterpillar ferret seahorse
49202794	aardwolf gamefowl primate caterpillar
3858186945	flea leech deer wombat
4084153644	gamefowl mule albatross parrotfish
3837826715	flamingo vicuna opossum chameleon
1264278334	bobcat dinosaur falcon ostrich
1601915269	caribou haddock butterfly grasshopper
1660529952	carp wildcat porpoise impala
2788654591	cuckoo lungfish chimpanzee bug
391836498	anteater narwhal moose cobra
1812069001	centipede bear elk parakeet
4189864532	gerbil koi flamingo sailfish
1738525091	catfish bee bass bat
3670942374	ferret hookworm parrot wildfowl
3706378701	finch guineafowl crow guanaco
1277735112	bobcat mouse panther guppy
2490867079	coyote kingfisher possum flyingfish
3514088762	elk chinchilla centipede bobolink
3714820945	finch mouse goose kingfisher
470936700	antlion reptile tuna fox
3853344171	flea goldfish meadowlark buzzard
524408590	aphid coyote caribou minnow
248804117	anaconda raccoon puma locust
3760204144	firefly snake octopus gecko
2055450127	chinchilla peacock bobcat tiger
3958359074	fowl cougar monkey cod
3876812057	flea worm cougar dormouse
679795620	bandicoot hippopotamus hornet emu
2914349747	dingo turkey pigeon aphid
2379487350	coral jaguar egret parrotfish
1434006877	butterfly snipe tortoise whale
351188760	ant locust ant tick
1255788439	bobcat albatross rabbit kingfisher
401844234	anteater swordtail spider jay
4055660513	frog snipe bandicoot porcupine
1337831372	bonobo damselfly moth orangutan
134752443	alligator panther cow wren
3746989790	firefly ladybug kingfisher moose
960381093	bedbug albatross rattlesnake fish
1115093440	bison cougar vulture warbler
1740382751	catfish caribou sloth orangutan
3416000754	eel lobster mongoose lynx
2660094889	cricket antlion silkworm vulture
2004420852	chimpanzee egret tuna sparrow
1727635395	caterpillar scallop stork egret
2261697094	cockroach dormouse armadillo chinchilla
1865200877	chameleon locust iguana sole
1559204200	cardinal crow wallaby tern
2612053415	crawdad raccoon mink dormouse
3765995226	firefly woodpecker spoonbill wildfowl
3549603953	emu cardinal hummingbird gamefowl
3708258076	finch hummingbird cicada caterpillar
2808215499	damselfly baboon meadowlark mockingbird
4160121518	gecko partridge bird hookworm
1836167733	centipede python narwhal cricket
2137202192	cicada swordfish giraffe mouse
570546735	armadillo kangaroo crab mastodon
34390466	aardvark vicuna carp penguin
1480201785	camel beetle lion herring
130927172	alligator marlin porpoise piranha
1629311187	carp capybara cicada hamster
3183157270	dragonfly coyote sheep spider
2413713533	cougar grasshopper vicuna worm
3325050808	earwig armadillo hawk meadowlark
3208478647	dragonfly tarsier centipede alpaca
3964688810	fowl grouse pelican heron
30883073	aardvark sole lizard whippet
197423724	amphibian giraffe guineafowl antlion
1200343771	boa llama quokka warbler
1623097982	caribou weasel catfish butterfly
3429353413	eel swan aardvark moth
2039060064	chinchilla crocodile ferret limpet
3921008191	flyingfish cockroach roadrunner guineafowl
2049896082	chinchilla loon anaconda bison
1881226441	chameleon wallaby warbler parakeet
469245844	antlion possum pelican pheasant
2584839651	crawdad aardvark cheetah dingo
500576742	ape marten crayfish kiwi
4154925069	gecko lungfish cuckoo kiwi
2281030152	cockroach sailfish hare hawk
33619399	aardvark tortoise cobra chickadee
2215125114	clownfish worm barnacle guanaco
1504916881	camel rhinoceros guppy toucan
1829335484	centipede manatee yak wasp
2761335275	crow salmon sheep capybara
1821101646	centipede fly rattlesnake primate
2572779861	crane penguin hawk panther
1355768496	bonobo ptarmigan goose sturgeon
2608404047	crawdad otter parrotfish cod
2385481570	coral mouse gecko flyingfish
1754023769	catfish lion snipe panda
1739393252	catfish bobcat tern chicken
1342652147	bonobo gorilla bear iguana
1436350390	butterfly thrush armadillo mammal
1356860317	bonobo raven coyote muskox
3200587864	dragonfly penguin woodpecker wildcat
3569106903	emu parrot finch reindeer
1198316362	boa kangaroo junglefowl ostrich
2794426913	cuckoo perch cricket hookworm
724272396	barnacle newt lobster cobra
3268639995	eagle louse pig puma
2574994974	crane rabbit guineafowl owl
3384794853	echidna peacock cicada bonobo
2992210688	dolphin anteater sole pig
3224148575	duck flea kite starfish
3615204402	ermine tiger alligator perch
2047096297	chinchilla jackal roundworm frog
1608615476	caribou meadowlark manatee bobolink
292518915	angelfish tuna wallaby cobra
2798416262	cuckoo scallop coral jaguar
1075977005	bird caterpillar condor clownfish
3160621736	dragon moose minnow meerkat
3698345447	finch cheetah salmon leech
4253780506	giraffe cougar possum ostrich
840258225	bass rhinoceros krill wildfowl
1505733724	camel salamander raven tern
4275264523	giraffe salmon kangaroo coyote
1625948654	carp anteater squid piranha
2505302133	coyote spoonbill swordtail snake
680326992	bandicoot hummingbird crane aardvark
2633065071	crayfish fish badger fly
4274007298	giraffe raven bug reptile
592578681	baboon armadillo tarsier mastodon
2328532868	condor barnacle sailfish cougar
3439017235	egret carp chameleon beetle
3059851094	donkey stork slug anglerfish
4098248381	gamefowl woodpecker butterfly cougar
1473593592	buzzard tiger tiger wombat
39718903	aardwolf beaver cockroach woodpecker
1689332970	cat reindeer junglefowl wombat
1412265793	butterfly dolphin squirrel horse
1167779756	blackbird opossum bat butterfly
493305627	ape gopher ox egret
125102526	alligator hamster clownfish duck
101615109	albatross reptile grouse landfowl
1796128672	cattle owl mammal sheep
1126723199	bison locust slug chameleon
2347379154	condor mink quail panther
3112091401	dove eel turkey smelt
3487382740	elephant jay flamingo spider
3785064995	fish lizard sloth marmoset
1553563942	cardinal bear bee cockroach
3060115021	donkey swan cow moth
1029706568	bee tapir tuna trout
2215026183	clownfish woodpecker chinchilla egret
40551354	aardwolf boa piranha sparrow
50397137	aardwolf grasshopper lark rhinoceros
3302110972	earthworm hummingbird macaw chinchilla
1537222187	capybara orangutan prawn spoonbill
1828259214	centipede locust emu tortoise
2284375957	cockroach stork meadowlark stoat
2932071408	dinosaur heron lion dolphin
2691874447	cricket thrush hawk baboon
3055983266	donkey roadrunner vole turtle
4157823385	gecko moth grasshopper bug
3352196644	earwig sawfish cow monkey
780225331	basilisk caribou blackbird alpaca
1961957110	chicken caribou wombat blackbird
2044273117	chinchilla gorilla flamingo flamingo
1049147800	beetle hookworm dog yak
53145623	aardwolf jaguar earthworm koi
4085599882	gamefowl ox baboon ptarmigan
1660480609	carp wildcat dragonfly dragon
2260376140	cockroach crayfish carp gecko
2127499579	cicada newt squid opossum
3700643166	finch cricket lion mandrill
2048638245	chinchilla landfowl penguin shrimp
4124134464	gazelle pigeon marten cobra
2393985695	coral snipe ant deer
870481778	bat mite ant harrier
2413353001	cougar goose pig flamingo
210977652	amphibian primate mouse lynx
589142083	armadillo wasp thrush jellyfish
2921685190	dinosaur camel sole hedgehog
1815724397	centipede cicada dormouse sloth
2719233000	crocodile owl butterfly sturgeon
2513176103	crab barnacle tarsier halibut
3155021146	dragon jay basilisk wolf
1455308017	buzzard hookworm albatross giraffe
1676218780	cat harrier cod anteater
3833921611	flamingo snail hippopotamus bug
3701528878	finch dog lemming gecko
3164622517	dragon porcupine panther turkey
1604063376	caribou jaguar lemming cat
3825543855	flamingo moth stingray pigeon
181065794	alpaca tick stingray capybara
3109567161	dove crawdad chicken lynx
2304812228	cod hornet stoat aphid
3475073363	elephant bonobo firefly raven
1513315990	camel wombat capybara koala
2237695229	cobra moth mosquito leopard
1946649144	chickadee ptarmigan viper cuckoo
3593134135	ermine firefly wolverine moth
391200810	anteater moose stoat crane
255455617	anaconda trout porpoise woodpecker
2922552556	dinosaur cattle parrotfish bobcat
2459104091	cow mosquito eagle wildebeest
4273901822	giraffe rattlesnake chimpanzee albatross
1118798917	bison ferret gopher lobster
2026449120	chimpanzee swordfish minnow shark
2194622143	clownfish impala chicken tarantula
1607247122	caribou macaw cougar viper
3260711241	eagle firefly cobra panther
3400243732	eel bee lemur caterpillar
4068327011	gamefowl clam elephant deer
1045958758	beetle fox leech ermine
392588429	anteater orca guineafowl deer
3584533640	ermine bear hoverfly elk
4073225799	gamefowl fish kiwi fish
3353126650	earwig silkworm mongoose hedgehog
2610235921	crawdad pike clownfish flamingo
2158771260	clam kiwi stingray mockingbird
1191832171	boa echidna wildfowl monkey
2949217486	dinosaur swallow camel wildcat
2709675477	crocodile guppy turtle mosquito
2336068912	condor duck quokka whale
1773184719	cattle anaconda orangutan antlion
1192551906	boa falcon koala weasel
2670242777	cricket flea fowl bedbug
1311318884	bobolink locust lobster marmoset
224630643	anaconda bee python limpet
1662023222	cat alligator chipmunk quail
1587836957	caribou aardvark chickadee chameleon
1299815128	bobolink cow rooster rabbit
3194347607	dragonfly llama primate kite
1736245706	catfish anaconda locust bat
2033747617	chinchilla beaver hare coyote
262860684	angelfish buzzard leech hummingbird
2285561211	cockroach tern dove cobra
132029598	alligator mite panda egret
2693913445	cricket wasp scallop chinchilla
3994965376	fox cod possum angelfish
3280620255	eagle spider puma landfowl
2484116146	coyote earwig snail donkey
2051783273	chinchilla meerkat antlion gamefowl
3536732340	elk salmon giraffe sparrow
1883501699	cheetah albatross krill dragonfly
3826880518	flamingo ostrich tortoise pike
296986541	anglerfish aphid deer lamprey
390227240	anteater mink bedbug mite
3221489255	duck dog lamprey toad
926896282	beaver boar salamander flyingfish
600663857	baboon eagle shrimp grouse
4173575900	gerbil anglerfish horse whippet
3031884939	donkey bobolink ocelot mockingbird
2589651054	crawdad caribou mandrill termite
3382115573	echidna moose alligator crow
1439721936	butterfly worm kangaroo ferret
4152177391	gecko jellyfish junglefowl clam
2842477442	damselfly wolf manatee falcon
1150070009	blackbird cattle gorilla piranha
2832200196	damselfly pony stingray platypus
1271911827	bobcat jellyfish cat antlion
3228589526	duck impala lobster aphid
4050451261	frog piranha bedbug finch
1946616696	chickadee ptarmigan owl scallop
1122234487	bison hare gerbil mammal
4017132394	fox scorpion muskox ox
2772216769	cuckoo bear turtle elephant
2462814764	cow platypus quokka carp
323938203	anglerfish sailfish elephant hawk
1172011070	blackbird rat cuckoo rook
4169843333	gecko turkey rodent badger
603509280	baboon gibbon koala cobra
3102367487	dove amphibian deer swordtail
1226203218	boar crab vicuna walrus
1156875145	blackbird frog quokka mammal
27473748	aardvark rattlesnake roadrunner reindeer
3237493411	duck penguin shrimp jackal
2857492390	deer haddock wallaby damselfly
1491694285	camel hawk caterpillar horse
4195120584	gerbil muskox prawn primate
1720098439	caterpillar mole termite salmon
2409482810	cougar dormouse sawfish butterfly
632247377	badger camel octopus sailfish
1037533564	beetle boa llama hippopotamus
3809734315	flamingo cicada elk monkey
71119886	aardwolf turtle gorilla deer
3953536021	fowl bass blackbird marlin
3078393456	dormouse grouse antelope shark
393400079	anteater parakeet piranha ocelot
1681551650	cat manatee eel parrot
2831957529	damselfly piranha peafowl whitefish
1073549476	bird bear ferret finch
4042138547	frog koi butterfly cougar
3610973558	ermine scorpion stingray jaguar
3447852637	egret guanaco snail smelt
3839343640	flamingo wildfowl firefly lark
783093911	basilisk crab whippet grouse
781448458	basilisk chimpanzee capybara bass
2072928481	chipmunk cat python kingfisher
3007087820	dolphin impala zebra rhinoceros
1800862139	cattle roundworm crow hookworm
3130860510	dove scorpion cockroach loon
3546429861	emu ape shrew lynx
3162545856	dragon ox turkey porpoise
2398585631	coral weasel lobster starfish
3947230706	flyingfish tern deer peacock
329047209	anglerfish tortoise goose roadrunner
1204977140	boa orca loon wildebeest
220369091	amphibian wildcat falcon aphid
3488153414	elephant koala duck clownfish
2395983341	coral tarantula aphid chipmunk
1697502824	cat wildebeest cardinal bedbug
2472036007	cow wallaby tarantula marsupial
3395294170	echidna walrus starfish monkey
3145912689	dragon coral turtle dove
1435474972	butterfly swift chameleon parakeet
195627211	amphibian ferret cicada bobcat
156780462	alpaca dolphin squirrel cow
3799509813	fish tern bee guppy
2087322384	chipmunk macaw mackerel hamster
395934511	anteater puma marmoset macaw
2649091778	crayfish rat mole meerkat
791633721	basilisk jackal wildfowl jay
3461906244	egret reptile meadowlark squid
1732674003	caterpillar turkey finch dingo
1079549206	bird dingo heron lobster
648786301	badger mink sailfish crawdad
4044604600	frog magpie goldfish rodent
2429108407	cougar sawfish rook spider
407840426	antelope aphid trout anglerfish
3363153409	echidna bedbug albatross scorpion
2158348140	clam kangaroo ape walrus
1272650715	bobcat koala sheep tuna
470523774	antlion rattlesnake cougar fish
3722461381	finch silverfish dragon possum
769506144	barracuda sparrow hyena duck
901363519	bear hippopotamus lungfish goose
3674692498	ferret loon lamprey muskox
999081417	bee bandicoot rattlesnake limpet
2852394132	deer dolphin wildcat cattle
2169173731	clam rattlesnake peafowl damselfly
3351703270	earwig rooster reindeer woodpecker
4180588813	gerbil crayfish partridge rodent
2479785736	coyote cheetah salamander alpaca
931200711	beaver cricket moose magpie
1424895354	butterfly mongoose raven ant
3817856657	flamingo hare mammal albatross
3650356924	falcon stingray amphibian silkworm
3959304939	fowl crow buzzard octopus
2039753550	chinchilla dinosaur marsupial antlion
2899589717	dingo lynx mockingbird orangutan
1153484720	blackbird dinosaur chickadee bedbug
167327567	alpaca mackerel whitefish cod
1893153890	cheetah earthworm locust sloth
2667450457	cricket dinosaur caterpillar rabbit
579485156	armadillo piranha skink peacock
492892147	ape giraffe toucan moth
3367040182	echidna cockroach barnacle salmon
3568428189	emu otter cobra mink
1038294360	beetle buzzard grouse bee
3158343895	dragon magpie anteater coyote
336209994	ant bobcat warbler octopus
1010465569	bee grasshopper herring caterpillar
2662291980	cricket boa ocelot skink
4100148731	gazelle antlion dormouse wasp
3557747486	emu giraffe stork halibut
3905738725	fly sailfish barnacle camel
3258460160	eagle dog swordtail panda
1631124319	carp cicada lynx damselfly
1824690482	centipede hornet bobolink zebra
1980514025	chicken ostrich frog meerkat
1088420660	bird lamprey herring locust
1308192003	bobolink hyena flamingo loon
953396870	beaver sloth roadrunner peacock
2177774637	clam wolf damselfly salamander
353798056	ant mole mastodon opossum
2282276583	cockroach silkworm orca impala
279975706	angelfish mole snail tarantula
2149481393	clam crawdad bee bedbug
4153196892	gecko ladybug owl rat
3315297547	earthworm sawfish jay lemur
3638091502	falcon lynx herring possum
1837308277	centipede rhinoceros tern echidna
2225658960	cobra echidna badger mandrill
3298427759	earthworm fox flamingo koi
3950402050	flyingfish wolverine snipe crocodile
595612025	baboon caribou dolphin porcupine
523914372	aphid cod penguin impala
2244308499	cobra salmon dingo chimpanzee
1898716246	cheetah horse penguin monkey
1398581181	bug swift jay lemming
3295528440	earthworm donkey chimpanzee shrimp
1209716983	boa rodent dragonfly rabbit
4247583210	giraffe ant slug cat
1797578817	cattle pheasant newt mongoose
1157708972	blackbird goldfish dormouse lungfish
678924315	bandicoot halibut marten roadrunner
9373374	aardvark dove mackerel earwig
3908042501	fly snipe snipe grouse
2545411232	crab vicuna mongoose mite
2306690943	cod koi shrew snake
3906967250	fly silkworm cat halibut
3764602889	firefly warbler emu sawfish
957231572	beaver turkey gerbil elk
2813719331	damselfly cow cougar mouse
4260838950	giraffe hamster gorilla chimpanzee
3061202765	donkey tick alligator boa
3425556552	eel rooster rodent newt
4260863751	giraffe hamster mollusk owl
1393414330	bug rabbit squid horse
1467394257	buzzard rat aardvark gorilla
1898040316	cheetah hedgehog mockingbird roundworm
1577629483	cardinal python bobolink beaver
1594778254	caribou cod reptile tarantula
1800177813	cattle reptile badger guppy
2219458800	cobra bobolink caterpillar jay
3783516047	fish kiwi squirrel badger
271271842	angelfish giraffe gecko chickadee
1274946201	bobcat macaw lion earwig
3138431780	dove wren koala barracuda
385612851	anteater jay koi marmot
1857164278	chameleon ermine weasel tiger
3262380765	eagle goat dinosaur dingo
3520839320	elk goat anglerfish badger
257962263	anaconda woodpecker flamingo kangaroo
589273994	armadillo whale bird mite
3447510369	egret gorilla rat wren
1061384012	beetle rattlesnake monkey gull
799007291	basilisk otter krill falcon
1936978526	chickadee kingfisher python gamefowl
4145133093	gecko dove turkey cardinal
2693067072	cricket vicuna chameleon llama
3935220639	flyingfish mink turtle hawk
2345036914	condor llama mule tern
4225360169	gibbon hyena hookworm eel
3543578740	elk whitefish bird moth
3339225411	earwig iguana crow vole
639212998	badger flamingo jaguar marsupial
3371096685	echidna ermine owl krill
4030494952	frog chameleon bug jellyfish
1448445735	buzzard cuckoo camel termite
3849280090	flea dog tortoise pelican
333473265	ant anteater earwig cricket
2616927900	crawdad swallow macaw gibbon
4274917707	giraffe roundworm fowl primate
4162631214	gecko quail puma antlion
284723125	angelfish prawn owl hedgehog
1607267728	caribou macaw haddock skunk
3200175023	dragonfly peacock eagle crab
3579708738	emu vulture tortoise bison
197100473	amphibian gecko kite flea
11884996	aardvark fowl clownfish pheasant
1267505747	bobcat fox hedgehog meerkat
707451798	barnacle chickadee sloth swift
3854556669	flea halibut limpet dove
123012920	alligator gamefowl gazelle chipmunk
823697719	bass fish cardinal python
1229589802	boar ferret ladybug swallow
3213515393	duck anglerfish mink gull
3978162668	fowl rabbit clownfish jaguar
3580118107	emu wasp mouse hyena
2997202430	dolphin chinchilla squirrel thrush
1341783365	bonobo gecko dinosaur lamprey
2730970592	crocodile weasel whitefish tarsier
2222270399	cobra cobra leopard pig
2245988882	cobra smelt hamster gopher
2914519625	dingo tyrannosaurus cricket cod
1677823764	cat jackal parrotfish shrimp
3900256099	fly octopus newt salmon
4095921510	gamefowl turkey caribou mosquito
2399143309	coral wildebeest manatee meadowlark
208300424	amphibian owl kite shrew
2452258631	cow hippopotamus mammal antelope
87864314	albatross guppy gorilla shrew
1134801681	bison quokka pelican stingray
1640026428	carp hookworm shrimp emu
1970502507	chicken grasshopper aphid walrus
1139530190	bison stoat flea mollusk
3981383381	fowl slug crow dormouse
123271728	alligator gecko peafowl guanaco
2119354319	cicada harrier harrier halibut
628527842	badger angelfish bedbug zebra
3121378521	dove mackerel perch bear
248535140	anaconda quokka falcon sailfish
2717862003	crocodile mouse reptile roadrunner
1082028854	bird finch rook thrush
621302045	baboon smelt trout toad
1510055896	camel termite python hare
273424727	angelfish heron reptile eel
2803125962	cuckoo tortoise peacock pig
2174054305	clam swift pheasant muskox
1111016588	bison bird clownfish chameleon
1766635131	catfish spider meadowlark mule
4161550750	gecko pony wolf hedgehog
1416680549	butterfly grasshopper partridge wallaby
950467200	beaver rat gecko stingray
456698847	antlion grouse lynx alligator
4220618674	gibbon ferret parakeet marsupial
1061536617	beetle raven whitefish panther
1410774452	butterfly crab hedgehog trout
1284498819	bobcat scallop ox skink
3740978438	firefly flamingo dolphin leech
2188492973	clownfish eagle tarantula wildebeest
4292848168	goat dragon anaconda vulture
4135487335	gazelle wren viper tarantula
1675484570	cat guineafowl meerkat cougar
1493733425	camel kangaroo macaw whippet
1075497948	bird capybara swallow mink
327218571	anglerfish stoat sturgeon goldfish
2523123054	crab frog moose bonobo
3004708341	dolphin guanaco mandrill cicada
1058426576	beetle partridge tuna cod
105370607	albatross starfish dingo dormouse
3739021442	firefly dragon mosquito ocelot
304936441	anglerfish dragon turtle baboon
403285764	anteater tuna spider gorilla
2631665299	crayfish earthworm hyena sheep
2190793430	clownfish frog ostrich dormouse
2350208061	condor panda dinosaur sturgeon
319391864	anglerfish panther elephant quail
1409462647	butterfly chipmunk minnow meadowlark
3890634858	fly gorilla squirrel chimpanzee
937825473	beaver hawk gazelle primate
3325814572	earwig bass elk centipede
3202431131	dragonfly python narwhal firefly
831493438	bass louse iguana ermine
2302557061	cod goose lungfish roundworm
3494639392	elephant otter reptile monkey
920731647	bear viper cobra tick
88460626	albatross harrier rat macaw
1573588105	cardinal newt parrotfish silkworm
538848340	aphid moose goat cockroach
936684451	beaver grouse armadillo crocodile
2441714854	cow capybara kangaroo ape
3238792141	duck prawn loon macaw
4257495752	giraffe ferret crawdad mackerel
207200135	amphibian narwhal mammal orangutan
649779002	badger mosquito python falcon
2857827665	deer hare wildcat barracuda
1219565180	boar ant bat thrush
2927525803	dinosaur egret llama salmon
4151087374	gecko hornet nightingale squirrel
958129429	beaver walrus jackal marsupial
2670523248	cricket flyingfish squirrel gazelle
10874895	aardvark falcon bat gibbon
3556318754	emu fish wolf thrush
862521113	bat gopher dinosaur leopard
1661552036	carp yak tuna rhinoceros
3265975475	eagle jellyfish parrot chicken
4116058742	gazelle koi quail rook
3400460125	eel bird jaguar wildcat
3482632472	elephant flea ladybug sailfish
3880014231	fly beaver bear hamster
724058634	barnacle muskox mole dove
3938732513	flyingfish peacock mosquito meerkat
2496616908	coyote narwhal mastodon bear
766102203	barracuda raven quokka cricket
18333918	aardvark limpet gazelle skink
2536125093	crab pheasant spoonbill earwig
2883470272	dingo bird crawdad tarantula
594994207	baboon bug penguin hare
2942558962	dinosaur pike beaver hedgehog
445638057	antlion bass salamander hummingbird
1488974580	camel fowl newt cat
4073685443	gamefowl flyingfish mule ocelot
3937877062	flyingfish owl swordtail ox
211216109	amphibian puffin reptile narwhal
2369788776	coral clam sloth skink
2697185191	crocodile aphid emu damselfly
3879444698	fly barnacle vole bedbug
1909914225	cheetah puma parrotfish cheetah
556511516	armadillo bat ostrich rhinoceros
2683574731	cricket penguin marmoset wolf
586032302	armadillo swallow starfish rook
2049057845	chinchilla lemur kite stork
2479155216	coyote caterpillar bird mastodon
3681885231	ferret prawn gerbil herring
3409124290	eel fowl mite lark
2701699129	crocodile chimpanzee yak moth
1249326148	boar snipe kite clam
2649993939	crayfish rook ptarmigan roadrunner
3517585942	elk dragonfly pigeon centipede
882707069	bat tiger echidna wolverine
2160806328	clam louse crane termite
4179165623	gerbil clam snail trout
71431082	aardwolf viper chinchilla rhinoceros
2256015105	cockroach blackbird silkworm cat
1570446444	cardinal mackerel frog hamster
2435738843	cougar whippet mastodon barracuda
3163339902	dragon peafowl beetle cuckoo
1258076613	bobcat bat grouse squid
3783647328	fish koi antelope emu
4043413567	frog lion newt beetle
4199794834	gerbil rabbit stork lion
3940306633	flyingfish possum seahorse parakeet
2728659348	crocodile tern capybara cricket
3389548515	echidna shark ape guanaco
4251692006	giraffe caterpillar swan stork
3403305485	eel chinchilla boar moose
2306558984	cod koala narwhal marten
3301244871	earthworm hedgehog ptarmigan duck
2999466618	dolphin damselfly earwig duck
3452995473	egret locust crab salamander
53648316	aardwolf kangaroo shrimp bandicoot
3312042987	earthworm platypus blackbird antlion
2295367758	cod chicken pike earwig
2498949973	coyote penguin moth echidna
1560685744	cardinal eagle firefly wolf
3367852111	echidna crab haddock aardwolf
2129848674	cicada pheasant anteater whitefish
1112791385	bison cat cobra swan
1023111908	bee possum kangaroo carp
3174998259	dragon wombat crocodile fish
2222518710	cobra cod rabbit gorilla
3248995741	duck woodpecker mackerel wildcat
1809130072	cattle wren scallop ape
4236820951	gibbon raccoon rooster ape
2057008458	chinchilla possum chickadee mockingbird
3679020065	ferret orca lizard firefly
1682386700	cat mastodon silverfish flea
1224154875	boar chameleon kiwi rooster
1842776094	centipede tiger crab cattle
2508050661	coyote tuna peafowl peafowl
1533725952	capybara mammal cobra owl
1938381919	chickadee leopard guppy python
3665657394	ferret earthworm zebra chimpanzee
2818066409	damselfly fly hawk tarsier
3060953140	donkey termite roadrunner ladybug
235363843	anaconda guineafowl louse frog
277801862	angelfish lynx crow snail
94260525	albatross marsupial aphid owl
563989672	armadillo echidna bear pheasant
3445966823	egret flyingfish slug puffin
180921370	alpaca thrush marsupial horse
3230377137	duck lark orangutan dolphin
3161314908	dragon narwhal smelt chimpanzee
2154266123	clam gerbil damselfly otter
1291566062	bobcat wolf gull rook
3428209269	eel sparrow pig quokka
253280592	anaconda stoat bison guppy
3196494959	dragonfly meerkat beaver whippet
2644543234	crayfish nightingale meadowlark echidna
1653774969	carp scallop scorpion cow
3174957444	dragon wolverine squirrel rat
3004407571	dolphin gorilla snail whale
2930415958	dinosaur gopher mink turkey
227999933	anaconda clam bonobo leech
702171896	barnacle amphibian crab flea
2828767735	damselfly mule tiger aardwolf
161269482	alpaca grouse gamefowl rat
2642430273	crayfish mastodon lobster armadillo
2155581868	clam gull blackbird smelt
948691227	beaver piranha fowl mule
3537707966	elk silkworm cattle panda
2339731461	condor gorilla rodent mule
3618965920	falcon aardwolf vicuna macaw
1125527679	bison lark ape aardvark
944309202	beaver minnow silkworm guanaco
2402013449	cougar baboon hoverfly mouse
1624450772	caribou wren gerbil marmoset
324297763	anglerfish sawfish macaw chickadee
2668165926	cricket dragon moose emu
1789581389	cattle koala leopard elk
3637484872	falcon llama viper yak
1403822087	butterfly amphibian porpoise wallaby
3836009914	flamingo tapir dog ermine
810570193	basilisk warbler rattlesnake python
2927976700	dinosaur ermine minnow smelt
3061139499	donkey thrush jaguar bonobo
1196933006	boa hookworm wildfowl hookworm
2266251669	cockroach guineafowl buzzard mink
2451875312	cow hedgehog beaver turtle
1993932943	chicken zebra gerbil nightingale
3382965410	echidna newt penguin elk
2970413977	dog jay echidna blackbird
1642520612	carp lark falcon gamefowl
368749875	ant woodpecker harrier wombat
623317238	baboon swordtail bison manatee
1479726045	camel bear crane roadrunner
2818753432	damselfly gazelle mosquito angelfish
4166611479	gecko sole newt scallop
2695751818	crocodile aardwolf gorilla silkworm
1701101153	caterpillar bass mite swan
501236812	ape mite chinchilla parakeet
3346314043	earwig octopus chameleon camel
1569230686	cardinal limpet grasshopper koala
1705750309	caterpillar coral lizard finch
3901527616	fly parrotfish bee centipede
3148879007	dragon echidna perch butterfly
4028520818	frog boa flamingo butterfly
1103030825	bird swan chicken swordtail
2188258676	clownfish dragonfly salamander gull
846690883	bass tyrannosaurus lark eagle
1472322246	buzzard swan jay cardinal
1271395181	bobcat iguana lamprey marmoset
2251865576	cobra wombat halibut bird
883099687	bat toucan sloth alpaca
2848253786	deer carp orangutan penguin
3882258161	fly cat fish trout
3475061660	elephant bonobo cow mouse
3508216395	elk albatross condor guanaco
63738670	aardwolf python sheep horse
1341440181	bonobo frog catfish termite
2723273360	crocodile reindeer marsupial bedbug
1874619567	chameleon rooster guanaco condor
2573546050	crane platypus fish louse
1091226809	bird marmot primate halibut
3583905476	ermine bandicoot rhinoceros toad
2155596627	clam gull damselfly cattle
4040579222	frog hummingbird badger manatee
2235774717	cobra marmoset eel condor
662080568	badger tyrannosaurus parrotfish viper
717906487	barnacle jay boar gecko
2738281002	crow cheetah termite bear
2940126081	dinosaur octopus cat kangaroo
1008551660	bee flea cattle peacock
3778647387	fish frog wallaby kangaroo
868272894	bat loon bonobo bonobo
2162718277	clam mink kangaroo lark
4095308512	gamefowl tiger mouse rodent
4250863807	giraffe buzzard heron salmon
3529867026	elk moose jackal egret
3304690505	earthworm leopard scorpion locust
267093012	angelfish deer parakeet buzzard
3354959971	earwig stingray buzzard swallow
497125990	ape koala blackbird spider
2663227021	cricket capybara badger rattlesnake
1426140808	butterfly ocelot wolf caribou
2437972039	cow angelfish pony goose
932233466	beaver dolphin tiger thrush
2484493329	coyote elephant cuckoo tyrannosaurus
2817091132	damselfly emu mule caribou
3185642603	dragonfly earwig crawdad firefly
3259119310	eagle dragonfly snail beaver
3586117589	ermine butterfly porpoise tarsier
3486015280	elephant heron wolverine goose
3946375375	flyingfish swan lungfish bobcat
2538356706	crab rat wildcat skink
2312388057	cod octopus clownfish egret
3607858532	ermine porpoise rooster albatross
2434726259	cougar viper hyena earthworm
1319137334	bobolink python amphibian gull
479210013	antlion wolf mackerel bonobo
1029547224	bee swordtail leech herring
3270926935	eagle mole fish hippopotamus
3902774218	fly piranha fowl pony
3679869089	ferret parrot chickadee turtle
1859819916	chameleon grasshopper tiger shark
4116875131	gazelle lemur bison haddock
795727518	basilisk marmoset termite cardinal
1576258917	cardinal pigeon raven duck
881041280	bat stoat dove narwhal
3962244319	fowl finch opossum monkey
2743497906	crow falcon vole kangaroo
2183384169	clownfish cardinal sloth cricket
301148852	anglerfish cheetah rooster toad
878696067	bat sheep bobcat tyrannosaurus
126880262	alligator jackal crane silverfish
4250130861	giraffe boa shark rat
3293638440	earthworm cougar camel cardinal
3468494951	egret tyrannosaurus wolverine rhinoceros
3748686490	firefly louse rhinoceros scorpion
3366435121	echidna chinchilla mouse salmon
1451614428	buzzard flamingo pony lemming
3998156427	fox echidna lark roadrunner
1990240878	chicken thrush armadillo gazelle
3946671861	flyingfish swordtail coral kangaroo
2125476816	cicada mastodon muskox duck
4015420655	fox rattlesnake cicada elk
1103175042	bird swift kiwi whitefish
1722892025	caterpillar parrotfish beetle turtle
953637892	beaver smelt vicuna kingfisher
3932960659	flyingfish lobster marlin pelican
2943178710	dinosaur porpoise peacock llama
1239526717	boar mink beetle kingfisher
3537898872	elk silverfish sturgeon vole
2279961207	cockroach rattlesnake reptile goldfish
3159371114	dragon mastodon ermine wallaby
770932161	barracuda swordfish elk mosquito
3720363052	finch reptile gazelle horse
4151806363	gecko jackal boar wolf
3732386366	firefly beaver rodent koi
2710942853	crocodile hornet goose mackerel
3086162976	dormouse mockingbird boar pigeon
807149823	basilisk stingray thrush gibbon
468269650	antlion pheasant swallow chinchilla
1183159689	boa ape rooster boar
2771198292	cuckoo armadillo rat shark
3694468259	finch baboon skunk eel
1618303398	caribou smelt tick whitefish
2773656781	cuckoo bug tortoise ox
2807037896	damselfly amphibian wallaby deer
2515574919	crab capybara lynx antlion
1724638266	caterpillar porpoise snipe termite
4217546321	gibbon crayfish walrus earthworm
2359208828	condor tarsier hippopotamus cougar
1475154091	buzzard walrus wolverine chinchilla
3369070094	echidna dinosaur grasshopper narwhal
2268438037	cockroach iguana sole dinosaur
3878770800	fly ape stoat gorilla
1176310031	blackbird starfish yak marten
187419426	amphibian beaver cheetah boar
384421913	anteater hippopotamus quail chicken
3785980580	fish mackerel beaver badger
854295987	bat cat basilisk hornet
3089436534	dormouse peacock octopus condor
3707748445	finch hippopotamus mite ptarmigan
623232536	baboon swordfish frog clownfish
2225050263	cobra dragon meadowlark octopus
3719335690	finch python bat donkey
3479057121	elephant cricket damselfly wombat
1148595916	blackbird bobolink bass woodpecker
1593875387	caribou chimpanzee narwhal mite
2194038238	clownfish hornet tern horse
345385893	ant goldfish pony swift
1620043968	caribou swan moth tick
893011231	bear cockroach cow hippopotamus
3891646450	fly hamster wildebeest wolf
1130819241	bison octopus roadrunner mockingbird
4198590452	gerbil porpoise aardvark raccoon
671118019	bandicoot clam chicken hyena
2805561670	cuckoo wolf orca camel
2021785581	chimpanzee reptile louse cicada
623272040	baboon swordfish pig silverfish
3555936423	emu ferret mackerel roadrunner
118173146	alligator cow pike flea
2257527665	cockroach cat jellyfish gopher
2413544988	cougar gorilla hookworm squid
1950558923	chickadee smelt coral firefly
347603374	ant hookworm platypus wolf
3295698229	earthworm dormouse platypus pheasant
359910672	ant raven pig snake
2106899759	cicada barnacle bedbug firefly
1509181634	camel swallow sparrow wolverine
1036382521	beetle bass capybara smelt
3425298756	eel rodent jackal kangaroo
354739155	ant muskox armadillo reindeer
1102026518	bird spoonbill bobcat wallaby
1236427645	boar leech cat vicuna
3310800568	earthworm parrotfish tarsier baboon
137151159	alligator primate snipe gibbon
2150154410	clam damselfly chameleon chameleon
3420354561	eel opossum squirrel anaconda
4070863212	gamefowl dolphin cheetah kangaroo
663076315	badger weasel owl chinchilla
306305406	anglerfish falcon earwig bandicoot
2747085509	crow harrier ermine antelope
3833726304	flamingo slug panda mule
730691903	barnacle scorpion hawk wolverine
2819896722	damselfly grasshopper tiger fox
235919305	anaconda hamster macaw haddock
1440218772	buzzard aardvark vicuna ferret
2219432163	cobra bobcat thrush kangaroo
2395236582	coral sturgeon fish panther
4238994189	gibbon sheep grasshopper egret
3103527176	dove armadillo piranha iguana
3117220039	dove horse clam caterpillar
1838565242	centipede seahorse damselfly wallaby
2826252433	damselfly manatee crocodile marlin
971321532	bedbug firefly heron landfowl
1087984875	bird koala lamprey squid
1782637902	cattle echidna swift wildfowl
3786779733	fish marmot egret tortoise
3919548848	flyingfish cattle mosquito whippet
3888478543	fly firefly heron rattlesnake
2290259554	cod angelfish octopus flyingfish
3800932953	fish vicuna trout bear
117483492	alligator cobra krill egret
1067471347	beetle toad leech partridge
1492446902	camel hornet turtle mackerel
2814482077	damselfly crocodile beaver caribou
2560304984	crane gazelle thrush marten
2778006231	cuckoo deer cat bandicoot
1260438090	bobcat carp peacock guanaco
331107617	anglerfish whitefish vole chipmunk
3421701132	eel partridge wren salamander
3499028475	elephant roadrunner gazelle anaconda
919741726	bear toad dragon chinchilla
1607649765	caribou mammal snake bear
3455152640	egret mink parrotfish rhinoceros
119389535	alligator deer parrotfish carp
4037831474	frog goat echidna aphid
2680705257	cricket mosquito pelican vole
278455604	angelfish mandrill camel amphibian
1637437187	carp gibbon kangaroo seahorse
4261292166	giraffe hedgehog junglefowl cicada
1536321069	capybara mule mollusk scallop
838406568	bass porpoise sailfish jay
3162884327	dragon parakeet wolf carp
3151311130	dragon gerbil muskox scorpion
2203897265	clownfish pig silkworm bobolink
4167232348	gecko starfish crayfish dragon
1060605707	beetle puma minnow capybara
2371000558	coral crane raven sheep
1103989621	bird tern silverfish centipede
400336464	anteater spider dolphin mule
2595702127	crawdad falcon bug elephant
3846091778	flea chickadee chicken chicken
1888019321	cheetah caribou crane piranha
3033904772	donkey chicken sole catfish
1692782611	cat spider mastodon eagle
1054676566	beetle meadowlark boar tern
3002423741	dolphin fish vole locust
3625635832	falcon cod bee ermine
870339319	bat mink rattlesnake monkey
1509987306	camel termite bobolink hornet
2067771969	chinchilla zebra crow impala
1208608428	boa quokka duck rat
1571041819	cardinal marlin pony finch
1314865342	bobolink muskox lemur minnow
2107568389	cicada beaver bonobo coyote
2064002720	chinchilla tern deer grouse
2146636159	clam carp hoverfly snipe
1244033234	boar pike python manatee
1440242185	buzzard aardwolf catfish muskox
2536250324	crab pig wildfowl gerbil
880203043	bat sole platypus haddock
265205798	angelfish cobra orca silverfish
1661169997	carp woodpecker lamprey lemur
3007668808	dolphin kangaroo dinosaur koala
2502271239	coyote rook marmot armadillo
2268064442	cockroach hoverfly koi gamefowl
495844049	ape hyena mammal chipmunk
3439130108	egret cat chipmunk aphid
1961220395	chicken bug gecko raccoon
4124384398	gazelle piranha silverfish rabbit
1803549333	cattle spider kite basilisk
676530928	bandicoot flyingfish wildfowl hippopotamus
1886527887	cheetah bird roadrunner tortoise
2995823010	dolphin caribou hookworm limpet
3070211225	dormouse cattle donkey mackerel
206640420	amphibian mosquito lemming shrimp
998071859	bee ant otter seahorse
1750076918	catfish harrier dog dog
3407195357	eel earwig clownfish tarsier
285067416	angelfish puffin raven fish
3457594135	egret ostrich perch minnow
1009792394	bee giraffe gazelle moose
3132139361	dove slug ptarmigan toad
1922111820	chickadee badger parrot mink
1447920699	buzzard crawdad hamster crane
1792093278	cattle magpie cattle limpet
1441376293	buzzard antelope guanaco gecko
501758784	ape mongoose swift cat
303396255	anglerfish cricket antelope sturgeon
820659826	bass crow quokka turkey
4052218665	frog rat amphibian slug
1782162036	cattle duck mollusk walrus
1969908547	chicken giraffe pike elephant
320739270	anglerfish pigeon impala wren
2227506285	cobra fowl primate basilisk
3020489448	dolphin sheep starfish tapir
1085573415	bird hawk quokka cuckoo
3641603162	falcon ocelot beaver deer
1632679921	carp crayfish marmot possum
1297830044	bobolink cattle sturgeon lungfish
1802253131	cattle silkworm rooster meerkat
3484446766	elephant gorilla sole bobcat
160758197	alpaca goldfish puma goat
1999290256	chimpanzee catfish parakeet ox
117312943	alligator clam vicuna camel
652238658	badger partridge tiger panther
3912897977	fly whitefish ocelot gull
1478149060	camel ant worm bass
2112814163	cicada cricket hornet eel
2117457302	cicada gibbon elk otter
4092235773	gamefowl slug termite fly
611062072	baboon marmoset mite dinosaur
3544195895	elk wolverine parakeet trout
4111968042	gazelle goose sparrow guppy
1851206785	chameleon carp deer mammal
3945831404	flyingfish stingray newt marten
3323127387	earthworm yak badger lynx
1376774142	bug elephant scallop tapir
1702555461	caterpillar bobolink piranha chimpanzee
3166672864	dragon roadrunner catfish camel
4253870527	giraffe cow louse wildcat
358607890	ant prawn viper minnow
2552175689	crane butterfly monkey dragonfly
510228756	ape sloth dragon lemming
2700874083	crocodile catfish marsupial wombat
2329167718	condor beaver limpet parakeet
3600758669	ermine locust rat boa
4285264776	goat baboon orca wren
3834183	aardvark bobcat mockingbird basilisk
785960442	basilisk elephant skink mink
485295377	ape catfish herring lamprey
2737175356	crow capybara tuna skunk
810720619	basilisk weasel boar kingfisher
4207711182	gerbil warbler dove fly
3939797205	flyingfish platypus cougar sparrow
881574960	bat swift bass dove
3227716047	duck hippopotamus orangutan wombat
1821764834	centipede gazelle python earthworm
2659190489	cricket alpaca parakeet anglerfish
4141531748	gecko chickadee jellyfish eel
3938626163	flyingfish partridge otter cougar
1568042294	cardinal koala panda puffin
3577479965	emu swordtail skink bedbug
1200466392	boa lobster sparrow cobra
3865355095	flea perch swift whale
4229884106	gibbon marmot crane penguin
377176481	anteater crayfish hamster bobolink
3851447948	flea finch kiwi rhinoceros
1014782075	bee lark gamefowl ocelot
2114155422	cicada dove locust bee
1293600357	bobolink anteater puma roadrunner
833897600	bass mollusk bonobo zebra
1180790239	blackbird wolf hawk ostrich
1542414770	capybara roundworm manatee cod
3538277737	elk slug elephant pelican
1550032820	capybara wolf dinosaur crayfish
934528899	beaver fish muskox bison
769214214	barracuda snake shark mosquito
307884717	anglerfish gecko locust quokka
3029742632	donkey baboon finch crow
1488947559	camel fowl grouse wren
2046228378	chinchilla hookworm vulture whitefish
44753457	aardwolf crawdad mongoose rooster
2349135324	condor nightingale meerkat impala
1428232075	butterfly perch sole crawdad
185698158	amphibian ant orca cardinal
33990645	aardvark tuna mackerel alligator
1688082640	cat ptarmigan clam dinosaur
3265861103	eagle jay octopus porcupine
2719566466	crocodile panther capybara eagle
3524888569	elk kite manatee whale
1530466564	capybara jellyfish scorpion pike
1149266067	blackbird capybara bug kangaroo
385471702	anteater jaguar coral pheasant
3134326333	dove swordtail jaguar hare
59413112	aardwolf muskox scorpion rhinoceros
4002165623	fox haddock otter halibut
1018034794	bee mink peacock marlin
392488641	anteater orangutan ladybug mink
693670188	bandicoot scallop mammal parrotfish
3440499355	egret cicada loon tern
479448894	antlion wombat pig krill
3515952517	elk crayfish wasp wildcat
720257312	barnacle llama ferret swan
3030057471	donkey barnacle caterpillar pigeon
1560323922	cardinal dragon aphid hummingbird
2401509001	cougar antelope swan rattlesnake
3771733588	fish catfish mosquito ermine
3189345699	dragonfly guanaco mule primate
3876918950	flea wren chicken dormouse
2512207309	crab antelope cheetah blackbird
1185924296	boa butterfly pony crow
323723655	anglerfish rooster goat bonobo
533786938	aphid kingfisher porpoise salmon
2832355153	damselfly porpoise dragon anteater
1503674492	camel puma clownfish amphibian
4016021931	fox roadrunner moose tuna
1214728974	boa tern kite roadrunner
1710446357	caterpillar flyingfish squirrel marmoset
3750346096	firefly meadowlark puma monkey
4158140943	gecko muskox cuckoo rat
3654449186	falcon whitefish tuna swordtail
3813579033	flamingo echidna whale emu
199077796	amphibian hare emu crocodile
1370502835	bug butterfly deer caribou
4020767862	fox tarantula hare whitefish
2490669405	coyote junglefowl turkey porpoise
898288408	bear fox scorpion scorpion
381604759	anteater gazelle fowl dinosaur
372038666	anteater beaver bandicoot deer
3109821409	dove cricket kingfisher anteater
305202124	anglerfish eagle flyingfish tern
257649851	anaconda wolf leopard eel
262732510	angelfish butterfly frog louse
3685098661	ferret sheep flyingfish giraffe
714444224	barnacle giraffe swordfish chameleon
3561072159	emu jackal spoonbill hamster
1694219506	cat swordtail louse eagle
505542569	ape pike yak starfish
2086067444	chipmunk leopard crawdad shrew
3166004163	dragon rat bug alligator
3580868166	emu wildfowl grasshopper stingray
1653676269	carp sawfish tern shrimp
2095097192	chipmunk raccoon ox chicken
1021757863	bee pelican dinosaur vicuna
4191075034	gerbil lion cuckoo toucan
2309704817	cod marmoset wolverine lizard
4053785372	frog sawfish cattle panda
2559982539	crane fox wren dove
2931154606	dinosaur guppy deer beetle
1365415477	bonobo wolf goldfish salmon
1366733328	bug alpaca dinosaur emu
234380847	anaconda giraffe parakeet hamster
438924738	antelope tarantula dingo fish
2506570297	coyote swordtail flyingfish caribou
2742066756	crow dragonfly anteater porpoise
3705279699	finch gibbon flea basilisk
1617499158	caribou shrimp panther snake
4125867133	gazelle rabbit cobra hare
246830008	anaconda pig tuna dragon
3456402359	egret mouse tyrannosaurus peacock
1543736746	capybara silkworm kiwi beetle
682156289	bandicoot ladybug porpoise halibut
2411841132	cougar fly baboon chimpanzee
518065883	aphid ant vicuna heron
3979015806	fowl rhinoceros swan hornet
2015472581	chimpanzee mole mongoose crayfish
2261920352	cockroach dragon barnacle narwhal
4116535871	gazelle lark anteater mollusk
3024659090	dolphin tortoise kite gamefowl
891773129	bear chameleon antelope halibut
329249684	anglerfish trout cobra seahorse
3222227427	duck duck carp owl
1271997926	bobcat jellyfish tortoise moose
513639437	ape tortoise alpaca sailfish
1917900296	cheetah vole perch goat
647561671	badger mammal quail ox
1431852154	butterfly salamander lark flyingfish
58579345	aardwolf mongoose earthworm warbler
3450586556	egret jellyfish lark seahorse
1850533355	chameleon butterfly chicken crow
3991224910	fox beetle wildfowl hare
589063509	armadillo wasp condor lemming
982316720	bedbug mouse mastodon barracuda
1997642319	chimpanzee boa seahorse tapir
1569080162	cardinal leopard albatross jaguar
262892377	angelfish buzzard roundworm moth
3499744484	elephant salamander seahorse cougar
3028681459	donkey anaconda quokka louse
371518390	anteater barracuda gorilla spider
385839005	anteater junglefowl llama piranha
339029080	ant cobra guineafowl giraffe
3345302487	earwig mosquito ant hornet
1436159818	butterfly termite frog donkey
1972581921	chicken horse sheep impala
632477964	badger cardinal porpoise cuckoo
2603270395	crawdad lion gorilla skunk
4278305310	giraffe stoat swan platypus
3620455141	falcon armadillo gorilla partridge
1774982912	cattle bass spoonbill amphibian
737549919	barnacle wildfowl dolphin octopus
2135906354	cicada spider partridge cougar
3984349673	fowl thrush wildfowl antelope
2673039924	cricket hamster marlin tuna
1487880195	camel ermine rattlesnake platypus
3508626822	elk amphibian tarsier tapir
329940781	anglerfish viper hornet chickadee
2519226024	crab crow junglefowl fly
1701464551	caterpillar beaver starfish chickadee
4090871322	gamefowl scallop mongoose sturgeon
1485960881	camel dog impala worm
4218159196	gibbon deer ladybug rabbit
302751755	anglerfish cow crow iguana
1776121326	cattle boar bonobo perch
1575535733	cardinal peafowl crow manatee
4009003856	fox mink firefly ocelot
1764484719	catfish scallop chipmunk tortoise
2454774018	cow landfowl cricket reindeer
3714264185	finch mongoose gazelle lizard
1442933636	buzzard beaver hornet aphid
2872836371	deer shrew fly dormouse
4056126294	frog spoonbill dragon jay
3547837117	emu bedbug lemur louse
523195640	aphid chipmunk coral bedbug
4192801783	gerbil marlin shrew giraffe
3193463018	dragonfly lark raccoon antelope
2489523009	coyote horse mongoose bear
3953933228	fowl beaver perch gopher
2814411547	damselfly cricket jaguar frog
1125473726	bison landfowl marmot wolverine
1332505093	bonobo beetle meerkat sheep
3517666208	elk duck hippopotamus cod
1343484543	bonobo haddock mole buzzard
4000832978	fox giraffe ocelot junglefowl
3295208201	earthworm dinosaur eel capybara
739840212	barracuda antelope thrush guppy
454903331	antlion flyingfish gamefowl bat
541619494	aphid peafowl gecko wildcat
796920397	basilisk mole panther giraffe
2878285640	deer walrus kite hoverfly
3529679367	elk mongoose rattlesnake rat
179238842	alpaca starfish guppy sawfish
2939134929	dinosaur mosquito cow anaconda
478710524	antlion whitefish anglerfish catfish
2841274923	damselfly wallaby platypus cardinal
981891470	bedbug monkey python antelope
2827989909	damselfly mollusk tarsier condor
2530570224	crab mackerel reindeer wombat
3729736335	firefly aardwolf stork hornet
2599505570	crawdad hawk hookworm antelope
3990257049	fox barracuda dolphin tick
172968484	alpaca pig snipe swordfish
2542014259	crab sparrow wasp kingfisher
137169654	alligator primate zebra tapir
2870773213	deer rattlesnake prawn mole
1556925848	cardinal chimpanzee hawk zebra
2694312983	cricket whitefish halibut wolverine
3316023946	earthworm shrew wren swallow
1566609505	cardinal hummingbird quail baboon
2371219020	coral crayfish ptarmigan sparrow
3962197307	fowl finch coyote hookworm
1800259934	cattle reptile seahorse worm
1472962853	buzzard tarsier cricket swan
2425872448	cougar platypus mollusk donkey
4257142431	giraffe emu anglerfish llama
506082162	ape porpoise stork dove
2603940905	crawdad louse hippopotamus gopher
3667466100	ferret flyingfish fish primate
2682346563	cricket owl ladybug scallop
674124998	bandicoot dragon eel harrier
65414509	aardwolf roundworm toad wildcat
3383576552	echidna orca cockroach marmoset
2324302375	cod wallaby octopus alpaca
1129054554	bison mite spoonbill cricket
295624945	anglerfish aardwolf wasp moth
1722377628	caterpillar ox junglefowl condor
3720430667	finch reptile wallaby koi
734547246	barnacle termite chinchilla mongoose
3453563573	egret macaw frog sawfish
777495696	basilisk bandicoot lamprey tortoise
2491657903	coyote lamprey sparrow chinchilla
1305447490	bobolink goldfish mastodon rabbit
2488098489	coyote guppy rat dingo
3626727620	falcon crayfish turtle viper
1407593811	butterfly buzzard puffin jay
2722714262	crocodile rabbit locust bobolink
3249924349	eagle alligator tiger mole
1312134712	bobolink magpie sturgeon lark
981066807	bedbug mink elk mink
250377258	anaconda salmon toad parrotfish
2362676609	condor wombat pheasant wasp
1247277292	boar salamander wolverine kingfisher
2481993563	coyote crayfish pigeon capybara
3717399806	finch pelican narwhal sawfish
2377214021	coral gull salmon spoonbill
1287240928	bobcat stoat guineafowl guineafowl
2499726015	coyote platypus mosquito quokka
516839698	ape yak swift chinchilla
3072894281	dormouse cricket jay rhinoceros
3749408276	firefly manatee eagle flea
2206433891	clownfish reptile pheasant mouse
196805734	amphibian frog shrew crawdad
3332690061	earwig dove emu duck
1537915016	capybara panda whale hookworm
4008215111	fox marmoset coral amphibian
3138706170	dove zebra vole bandicoot
1848094225	chameleon baboon chimpanzee lobster
2742456380	crow earthworm marlin raven
3704106603	finch flamingo rabbit dove
3179999438	dragonfly buzzard flyingfish stork
3163374037	dragon peafowl hare rabbit
2242062640	cobra ptarmigan wolverine spider
231811791	anaconda eel leech llama
1968413154	chicken fish coyote newt
2282737625	cockroach sloth scorpion wallaby
3191732068	dragonfly jackal capybara woodpecker
3203029875	dragonfly rattlesnake alligator gazelle
1023437366	bee ptarmigan halibut leech
3742096413	firefly gerbil fox rooster
3364990680	echidna cardinal mockingbird buzzard
2325144663	cod wildcat cricket herring
2979149258	dog pheasant baboon chipmunk
3271830177	eagle mule kangaroo squid
4133110668	gazelle tyrannosaurus lizard reindeer
1318726011	bobolink primate fish cicada
3016560798	dolphin piranha hyena cat
2984623973	dog snail horse rhinoceros
2151213440	clam dragon porcupine hoverfly
970706655	bedbug elk stoat aardvark
4107030194	gazelle crow flamingo albatross
3247169129	duck vole barnacle panda
2204636340	clownfish porpoise krill marmot
1720432771	caterpillar monkey toad salmon
567706630	armadillo guineafowl moose ptarmigan
1367608237	bug antlion cardinal ox
548370728	aphid squirrel crocodile wallaby
2760247911	crow reindeer worm rooster
57771162	aardwolf meadowlark wolverine wildfowl
2534542129	crab otter mink opossum
815270620	bass bedbug carp camel
1475815563	buzzard whitefish wallaby mink
599155822	baboon cuckoo coyote rabbit
2272518389	cockroach mandrill orca marmoset
1088421328	bird lamprey hookworm louse
2420094703	cougar manatee landfowl partridge
3487922050	elephant kite clam hare
3831877881	flamingo roundworm wolf scallop
3475949060	elephant carp coyote koi
3138951571	dragon albatross centipede yak
2302300630	cod goat crane possum
1860591421	chameleon halibut stork opossum
4111013752	gazelle gamefowl deer ox
2549544055	crane aphid stingray kingfisher
956286826	beaver tern slug crawdad
2218414017	cobra beaver ptarmigan weasel
4177847852	gerbil caterpillar wallaby panda
1336945563	bonobo crab narwhal mandrill
3152276542	dragon grouse flea turkey
2838537861	damselfly swan alligator puma
2034066976	chinchilla beetle earwig dinosaur
3562922751	emu lemming magpie puma
2559317074	crane fish worm stoat
3349587849	earwig prawn penguin guanaco
587664212	armadillo toucan minnow harrier
3984719523	fowl tortoise fish platypus
4117287846	gazelle lion skink rooster
575395533	armadillo mole vicuna loon
736332232	barnacle vulture duck tiger
2490016391	coyote impala antelope porcupine
566885946	armadillo goldfish coral cow
1118173265	bison egret ptarmigan penguin
4290106748	goat cobra ferret junglefowl
2228630187	cobra goldfish squid cattle
1177724942	blackbird termite rhinoceros manatee
1700073493	caterpillar ape fish silkworm
3627426416	falcon dingo damselfly hoverfly
634868495	badger coral dragonfly zebra
267199778	angelfish dingo newt raccoon
681009689	bandicoot jay grasshopper catfish
832955556	bass marten nightingale antlion
788064179	basilisk gerbil scallop boa
1809779062	centipede alligator ostrich whale
2165142109	clam ostrich flamingo dragon
1355010072	bonobo platypus louse fly
2913080471	dingo tarsier dinosaur heron
2761763082	crow seahorse parakeet snake
951977185	beaver salmon weasel giraffe
1308612812	bobolink jaguar bobolink crab
1320828347	bobolink roundworm eagle leopard
2009044958	chimpanzee herring octopus aphid
2086280613	chipmunk lion carp walrus
1508848320	camel stoat sole antlion
277677855	angelfish lungfish bobolink impala
4134906354	gazelle wolf pony cow
985727145	bedbug platypus flea mockingbird
788550132	basilisk goose chinchilla hornet
3236844739	duck parrot wasp ladybug
1163522886	blackbird lobster pheasant puma
1522807277	capybara dinosaur ptarmigan snail
3832474216	flamingo scorpion goose mole
3953019559	fowl badger jackal muskox
2407942106	cougar crane tarantula gull
187397489	amphibian bear weasel crow
2524442652	crab grasshopper lemur sturgeon
485313739	ape catfish minnow nightingale
3236412334	duck panda badger whale
2969095989	dog herring hamster cicada
2546833168	crab wildebeest hippopotamus parakeet
2627731247	crayfish chicken warbler snail
3688014530	ferret swift newt prawn
938246969	beaver hippopotamus cat koi
541807428	aphid penguin antelope gazelle
85149139	albatross firefly swordfish camel
4258697494	giraffe gamefowl baboon grasshopper
3377010045	echidna kangaroo wildcat fish
2901006520	dingo meadowlark goose ermine
1520452791	capybara clam leech ferret
1741839018	catfish chipmunk warbler shrimp
752306689	barracuda guineafowl fowl donkey
2230524780	cobra heron vicuna newt
2269143003	cockroach kangaroo coral dove
491262846	ape firefly crocodile shrimp
1479156933	camel barnacle beaver primate
410406752	antelope butterfly barnacle prawn
1584479039	cardinal toad swift flea
4008775570	fox meadowlark donkey beaver
4028819913	frog bobolink albatross ferret
737929364	barnacle wombat peafowl boa
2371402467	coral crocodile guanaco quokka
76669670	albatross beaver hippopotamus dormouse
3233094925	duck marten cat roundworm
91855624	albatross lemming goose ptarmigan
455672519	antlion gerbil eagle wallaby
974020986	bedbug gull raven walrus
1860862609	chameleon harrier flamingo aardwolf
243686076	anaconda moth mink anaconda
1573156587	cardinal mouse rooster weasel
3820855118	flamingo ladybug mite harrier
3911654997	fly vicuna hippopotamus porpoise
2681101232	cricket muskox dolphin badger
2258746191	cockroach chipmunk impala mosquito
3455971426	egret moose aphid minnow
1504523353	camel rattlesnake snipe centipede
3922137572	flyingfish crayfish vulture toad
737129459	barnacle whippet kangaroo wolverine
2349394102	condor octopus thrush marlin
2673952925	cricket hookworm salmon peacock
782446936	basilisk condor cardinal lion
1912177879	cheetah scallop bat toucan
1778867274	cattle cicada swan rooster
2429427489	cougar seahorse ox armadillo
3246829068	duck turtle wren jay
3100283387	dormouse whale jaguar fowl
2523225886	crab gamefowl louse toucan
2372451301	coral donkey snake haddock
2130361344	cicada piranha parrot loon
4061298527	frog wombat thrush penguin
1449542962	buzzard dragon amphibian swallow
554984169	armadillo ant stork cardinal
2996948788	dolphin chicken meerkat crawdad
55128323	aardwolf leopard centipede lungfish
1509466758	camel swordfish hookworm crane
3186006061	dragonfly egret lemming roundworm
2653658024	crayfish stork rodent amphibian
3625110247	falcon cicada gerbil whale
2194295578	clownfish hummingbird cricket crawdad
3492487089	elephant mole gibbon cricket
361305436	ant scallop duck flamingo
149139723	alpaca antlion walrus antlion
2996589294	dolphin chameleon fowl panther
2963799413	dog duck octopus manatee
3831525456	flamingo rodent shrew kangaroo
971278191	bedbug firefly alpaca fox
1960250882	chicken beetle mosquito elk
958494073	beaver weasel python mole
4039188612	frog halibut locust magpie
2518037011	crab condor python possum
2539524182	crab sailfish limpet raven
4280159165	giraffe tortoise monkey snail
1326963192	bobolink viper monkey kangaroo
179688695	alpaca sturgeon jackal piranha
111422954	alligator amphibian skunk koi
2028635201	chimpanzee vole elk mouse
3143798956	dragon cat stork possum
652268571	badger peacock clam landfowl
2164226750	clam narwhal bandicoot iguana
2430460677	cougar sloth whale primate
732199072	barnacle snail wren alpaca
3279475583	eagle skink hedgehog anglerfish
4114434770	gazelle hummingbird bee wildebeest
1792896009	cattle marsupial halibut boar
1872365012	chameleon possum antlion rhinoceros
3611801379	ermine skink fowl hamster
2692100646	cricket tiger jackal fox
1612751693	caribou penguin sparrow clownfish
296545352	anglerfish anteater dove mollusk
459514631	antlion jay toucan sloth
1059194042	beetle pig sparrow tarsier
1966427345	chicken dove falcon crow
3978829820	fowl reptile coral thrush
1674771243	cat goose carp bear
3849049742	flea dingo snipe viper
3460525205	egret ptarmigan bonobo mollusk
766235888	barracuda reindeer viper penguin
3497026447	elephant porpoise eel turkey
1388706722	bug muskox harrier kite
3851503257	flea finch whale squid
2883682084	dingo blackbird camel whale
974045235	bedbug gull whitefish rooster
3569223670	emu parrotfish goose hedgehog
2286378717	cockroach trout opossum cheetah
3681538712	ferret porcupine crayfish silverfish
2145203479	clam blackbird lizard lemur
219205514	amphibian viper shrew sloth
3715397985	finch nightingale mastodon fish
3190735692	dragonfly hippopotamus caterpillar sturgeon
2567644731	crane mammal bird sparrow
788424286	basilisk goldfish anteater lion
4216429093	gibbon cockroach swan damselfly
2426111296	cougar porcupine raccoon lobster
2393651103	coral smelt alligator kangaroo
2279481458	cockroach quokka hummingbird peacock
3469083945	egret walrus ermine llama
596413556	baboon chameleon ladybug porcupine
3252440387	eagle bedbug mosquito dormouse
1727173062	caterpillar sailfish piranha termite
1496006253	camel loon anglerfish earwig
388336872	anteater louse anteater shark
572754727	armadillo locust buzzard chinchilla
3095236186	dormouse slug turkey meadowlark
2287012337	cockroach viper gecko trout
1795914396	cattle ostrich mule fox
941249867	beaver lemur cricket clownfish
3893635630	fly jay tortoise lemur
750873525	barracuda gazelle hawk kangaroo
400066960	anteater snipe skunk elephant
676155311	bandicoot flamingo mongoose iguana
3727866178	finch wasp zebra frog
3527714745	elk mammal anglerfish wildfowl
2781883844	cuckoo gecko bobcat manatee
308371027	anglerfish goat thrush camel
756076438	barracuda lamprey fly skunk
2124759549	cicada mandrill caterpillar fish
4107475768	gazelle dingo frog bass
1886889271	cheetah boar anaconda centipede
3233104170	duck marten crocodile magpie
2595487361	crawdad emu clam gerbil
2845001196	deer armadillo ferret cat
1523681371	capybara duck moth rabbit
2789876222	cuckoo marsupial clownfish penguin
2307645765	cod leopard hookworm chimpanzee
4094157280	gamefowl swift crocodile muskox
3551833023	emu cod macaw dingo
3199256082	dragonfly otter wolf octopus
2987798089	dog toucan aphid ostrich
2736874260	crow buzzard crab octopus
2140074851	cicada weasel dove crab
1884668262	cheetah antlion worm kangaroo
4274940301	giraffe roundworm macaw meadowlark
3116203400	dove hare albatross chipmunk
1834648391	centipede pig toad orangutan
2890196986	dingo earthworm swift damselfly
398874385	anteater shrimp barnacle wolf
4175111484	gerbil bass earthworm fox
3544301419	elk wombat mule silkworm
3665645006	ferret earthworm tapir whippet
3672767189	ferret koala bug thrush
319721008	anglerfish parrotfish dove centipede
3817032655	flamingo guanaco bobcat macaw
2172995298	clam squid caribou herring
3598948569	ermine koala hornet gorilla
2100636772	chipmunk tarantula moth mammal
496372851	ape jay firefly chimpanzee
3174983478	dragon wombat beetle tuna
3388978461	echidna salamander thrush limpet
275362776	angelfish kite damselfly dolphin
3213698391	duck anteater cricket tuna
3640230602	falcon mole pony iguana
1894847393	cheetah flea scallop hookworm
4046985356	frog mosquito smelt clownfish
1002175099	bee caterpillar owl snipe
2697637278	crocodile bandicoot grasshopper squid
475314277	antlion swan hawk coyote
1880198784	chameleon trout pig mosquito
3600429023	ermine lizard rooster chipmunk
1042103218	beetle crocodile ptarmigan blackbird
3725977449	finch tick whitefish krill
3607136692	ermine pigeon dragon flyingfish
3504843139	elephant toucan roundworm ladybug
3012018438	dolphin mink koala hornet
1255285933	boar yak coyote hyena
1486667304	camel dragonfly silkworm guppy
3255864167	eagle cicada krill swan
1272975770	bobcat ladybug quokka barracuda
366818353	ant vicuna wolf nightingale
2487164892	coyote goose flyingfish owl
114375051	alligator boa jackal octopus
2425307502	cougar pheasant lemming primate
193272309	amphibian deer viper fox
1668670160	cat condor bug lizard
1746556911	catfish ferret limpet panther
2602935426	crawdad lemur gerbil tick
764811769	barracuda primate blackbird ape
3837295364	flamingo trout snipe lizard
1580518035	cardinal shrimp cheetah herring
3593391830	ermine flea firefly kite
4129208381	gazelle smelt flea chipmunk
4149976184	gecko halibut mosquito wallaby
2485499255	coyote flamingo ferret quail
2168820842	clam rabbit leech lizard
74692801	albatross angelfish mole possum
2630171436	crayfish cuckoo weasel puma
2404547739	cougar buzzard eel bee
2355628350	condor shark camel alligator
3094617989	dormouse silkworm goat butterfly
4074801952	gamefowl goat penguin lion
2674181119	cricket horse sole vicuna
2659942738	cricket antelope jackal anteater
2148348041	clam clownfish stoat ocelot
3151102036	dragon gazelle puma swordfish
2054057891	chinchilla opossum marmot amphibian
1534103718	capybara marlin monkey bear
3674107853	ferret lion coyote trout
2800438984	cuckoo sparrow impala pheasant
692953991	bandicoot rooster beaver trout
1018628922	bee mongoose angelfish primate
1490919761	camel gull cheetah lungfish
3470748284	egret wren finch lungfish
676381611	bandicoot fly orangutan alligator
2452751630	cow hoverfly wolverine locust
358271253	ant porcupine thrush panther
557221744	armadillo bison ape minnow
3759830031	firefly slug donkey swift
2105266722	cicada alpaca goldfish emu
1992567577	chicken whippet ant horse
2734823844	crow barracuda ptarmigan cricket
3670382771	ferret hawk narwhal leech
4241098358	gibbon starfish gerbil bobolink
852118365	bat beaver hyena alligator
3335574808	earwig gamefowl firefly chinchilla
1497978263	camel meerkat silverfish crow
1493267978	camel jaguar gamefowl crow
3716410849	finch ox piranha vulture
1206037964	boa partridge bee orangutan
756879035	barracuda limpet marten amphibian
2332701918	condor cicada grouse sturgeon
2259818149	cockroach cow boar pike
1050466240	beetle junglefowl carp echidna
4196165663	gerbil otter cat bird
1818466034	centipede dolphin wildfowl whippet
692324777	bandicoot reindeer heron halibut
1648215796	carp ostrich parakeet woodpecker
1152075203	blackbird cow jellyfish falcon
3338154054	earwig hedgehog meadowlark panther
4045097709	frog marlin shrew mink
2882613096	dingo basilisk lark scallop
4028222375	frog bird nightingale tarsier
2553402586	crane centipede parakeet ostrich
2601492081	crawdad kangaroo fox magpie
3462661404	egret sailfish guineafowl mosquito
289955275	angelfish squirrel smelt meadowlark
458070190	antlion heron tarsier chickadee
1932724277	chickadee gerbil gopher silverfish
947420176	beaver parrot stoat ostrich
965451823	bedbug cattle krill python
1861210050	chameleon heron jay guanaco
3042298937	donkey hamster magpie spoonbill
2461665348	cow peacock grasshopper impala
2647684819	crayfish porcupine termite koala
3925347862	flyingfish finch termite horse
1405775485	butterfly bat fowl aardwolf
4025572792	frog amphibian python cockroach
3187672503	dragonfly fox louse boar
1939154858	chickadee loon goat stork
1751757569	catfish jaguar hawk dog
574124140	armadillo marmoset koi louse
1889775835	cheetah clownfish baboon lobster
1922642046	chickadee bass jackal sparrow
3554057669	emu donkey mongoose starfish
3916330080	flyingfish barnacle mink wren
1992891455	chicken wildcat warbler anglerfish
671972498	bandicoot cougar sturgeon iguana
3473044169	elephant bandicoot albatross bat
4008435092	fox marsupial clam ocelot
4230360035	gibbon meadowlark lion tarsier
2298912742	cod dragon parrot swallow
1928377869	chickadee crow chimpanzee magpie
3262537736	eagle goldfish parakeet ocelot
2809988039	damselfly boa marmoset lungfish
3954732666	fowl boa tarantula bear
2059086737	chinchilla rodent thrush parrot
1282731964	bobcat raccoon prawn vulture
524290027	aphid cow barracuda macaw
466222158	antlion opossum heron mandrill
3285571413	eagle wolf guanaco slug
1768145072	catfish tapir clownfish whippet
645258319	badger ladybug weasel pelican
2850659682	deer cow fox mongoose
1351810393	bonobo muskox partridge pelican
2726840036	crocodile spoonbill ptarmigan sloth
3051185395	donkey orangutan pelican tiger
2325800374	cod woodpecker caribou lobster
3504808349	elephant toucan kingfisher zebra
937768536	beaver harrier slug quokka
3042035159	donkey haddock cheetah puffin
1483254090	camel chipmunk anglerfish lemming
4117563425	gazelle lobster ferret gamefowl
4016997132	fox scallop hamster kangaroo
963535611	bedbug blackbird condor gazelle
3439131678	egret cat cobra roadrunner
279557349	angelfish minnow bandicoot mastodon
1568497920	cardinal lamprey rhinoceros whitefish
1769136223	catfish tortoise buzzard hare
1173434930	blackbird salmon bass ocelot
3398462441	eel antelope hummingbird trout
2592359476	crawdad coyote wildcat ermine
1902584323	cheetah lynx marten jackal
1753472902	catfish leech sturgeon hare
3930501421	flyingfish jay grouse minnow
2583879848	crane wildfowl limpet wallaby
612322279	baboon mole vole ox
951244826	beaver rodent goldfish bat
2049460401	chinchilla lizard bird rat
2528782940	crab lark orca rook
868205067	bat locust limpet hummingbird
932130798	beaver dog wolverine mongoose
3389732469	echidna sheep pony scallop
1210078544	boa roundworm lungfish lizard
484517999	ape camel hawk albatross
1557216002	cardinal cicada amphibian gamefowl
331595385	anglerfish wolverine gazelle vole
3574912388	emu skink parrot otter
896819987	bear elk marmoset butterfly
4289498454	goat chimpanzee skink rat
3320341693	earthworm trout vicuna beaver
3084148472	dormouse lungfish viper capybara
1984337399	chicken raccoon silverfish chipmunk
48495338	aardwolf flea gamefowl panda
3101027649	dormouse wolverine chameleon gibbon
120382892	alligator dragonfly nightingale cod
3942982939	flyingfish salmon turtle muskox
3625818046	falcon condor python lark
3522386949	elk hamster wolverine mongoose
3639713184	falcon mink anteater octopus
3928077439	flyingfish gull lobster giraffe
779532242	basilisk bonobo spider peacock
3644192009	falcon pike hoverfly marmoset
2981034708	dog quokka badger cobra
2029398051	chimpanzee whale chinchilla jay
1616375590	caribou sailfish louse reptile
2229615693	cobra guppy rabbit octopus
899592520	bear gorilla marmot ape
2150147079	clam damselfly beetle cat
4102623674	gazelle bobcat minnow crayfish
4288607697	goat caterpillar salmon shark
2396763388	coral toad beaver parakeet
3025112107	dolphin turkey mandrill rattlesnake
3330618254	earwig cougar mule ocelot
1822107029	centipede gibbon silverfish swordtail
1020672496	bee owl kangaroo minnow
1456833679	buzzard kangaroo rook toucan
2853087394	deer eagle crocodile alpaca
774901657	barracuda woodpecker beetle aardwolf
1091023908	bird marlin tapir bear
857567539	bat crow meerkat tern
2650998006	crayfish seahorse roundworm wildfowl
4069930973	gamefowl cricket raven viper
3706115992	finch grasshopper starfish kingfisher
2078701079	chipmunk ermine sawfish mollusk
3798932618	fish swordfish swordfish barracuda
3404489313	eel cougar salamander orca
1427871820	butterfly peafowl mongoose grasshopper
1827665723	centipede leopard vole parrot
2246247262	cobra snake puffin echidna
3497759525	elephant puma tarsier gopher
1844652608	centipede weasel cardinal fowl
3571292319	emu ptarmigan alligator mastodon
1040584050	beetle cobra amphibian ant
473632297	antlion snail damselfly crawdad
2501116276	coyote rabbit carp pike
3948625475	flyingfish vicuna skink chicken
2674577094	cricket iguana hippopotamus armadillo
345266029	ant goat nightingale turkey
3966882280	fowl hyena kangaroo hedgehog
394333223	anteater pheasant bobolink starfish
144907098	alligator turkey salamander kangaroo
1432826609	butterfly shrimp earthworm narwhal
2860617628	deer krill cardinal frog
2323080779	cod tortoise mule marten
3566470958	emu mollusk mackerel zebra
3058541749	donkey snake alpaca barnacle
2209181328	clownfish snail kite chimpanzee
3529175215	elk mite cougar roundworm
2819221058	damselfly giraffe skink firefly
857731257	bat damselfly aphid mandrill
285795012	angelfish rat fish egret
3378548563	echidna leopard spider lark
4002172054	fox haddock platypus pony
3132660477	dove sole hornet slug
1749327928	catfish guineafowl lemming angelfish
2235131447	cobra mackerel lamprey junglefowl
3664907818	ferret dormouse dinosaur cockroach
670590849	bandicoot chicken herring gazelle
1491245804	camel halibut blackbird orangutan
716626267	barnacle herring marsupial snipe
2083864318	chipmunk impala gibbon silkworm
3909769797	fly swordtail hippopotamus jay
44697312	aardwolf crawdad bee chimpanzee
3383659711	echidna orca viper echidna
3305583378	earthworm louse sparrow skink
417838921	antelope fly bee mammal
3109771284	dove cricket aardvark llama
2770232419	cuckoo angelfish anteater echidna
2292481638	cod bee partridge dolphin
253493901	anaconda sturgeon alpaca walrus
1772372616	catfish zebra firefly emu
2341504071	condor hippopotamus raven roadrunner
3530093818	elk moth lark gecko
2848522257	deer catfish baboon termite
4082350652	gamefowl marsupial reindeer earthworm
599740523	baboon dog lamprey moose
564374222	armadillo elephant mandrill leech
3588928469	ermine coral badger wildebeest
751694640	barracuda goose shrimp duck
1366912207	bug amphibian squirrel koala
1630204898	carp centipede deer crab
433807833	antelope reindeer bison cuckoo
2210423140	clownfish stoat parrot frog
382057843	anteater giraffe herring squirrel
2922406966	dinosaur catfish gibbon tern
639077917	badger fish crocodile tiger
1863694552	chameleon krill squid gecko
2504484439	coyote smelt lobster ermine
1112854474	bison cat reptile frog
2957114529	dog bee gecko skink
640281996	badger gerbil bedbug roadrunner
333564795	ant antelope boa bee
352078494	ant mammal badger salamander
476557669	antlion tiger narwhal bug
1363030912	bonobo tortoise squid turkey
748458207	barracuda earthworm nightingale dolphin
132262066	alligator mole rattlesnake haddock
3095654505	dormouse snipe platypus salamander
2804743860	cuckoo weasel dragon dingo
2261228163	cockroach dingo skunk whitefish
3001875974	dolphin ermine zebra meerkat
2386836909	coral otter mastodon herring
2891842344	dingo flea primate dolphin
3244231783	duck stingray mink scorpion
591568538	baboon anaconda sawfish boa
252468529	anaconda sole rooster reptile
117060828	alligator chipmunk parrotfish anaconda
1907313291	cheetah parakeet coyote mandrill
563879534	armadillo earwig bedbug viper
507138805	ape rabbit hare goose
476039120	antlion tarsier vicuna toad
1513683183	camel wren jackal cattle
3554267522	emu dove lark aphid
1034576633	beetle amphibian sparrow raccoon
3956682756	fowl chameleon ladybug cow
1037368211	beetle blackbird alpaca starfish
3453438934	egret lynx crab lemur
3766161725	firefly wren giraffe wildebeest
1518477688	capybara camel penguin barnacle
4078466679	gamefowl junglefowl puma pigeon
3850330474	flea earwig haddock wolf
672211393	bandicoot crab anaconda snipe
1687785516	cat possum leopard wildfowl
2616774043	crawdad sturgeon caterpillar flamingo
1579165246	cardinal rook wasp wolf
2405144709	cougar carp parrotfish scallop
3889672224	fly gecko chipmunk guanaco
632268031	badger camel silverfish sheep
1056894546	beetle octopus bobcat limpet
1213708681	boa swallow dragon skunk
4214289748	gibbon cardinal mockingbird roundworm
1960763555	chicken boar cricket spoonbill
3911994790	fly vulture lamprey bobcat
1339361485	bonobo earwig hawk meadowlark
130487240	alligator magpie raccoon mite
3790906503	fish partridge limpet newt
1083709498	bird giraffe tuna swordfish
2071546449	chipmunk boar duck crane
387776380	anteater lion wolf ostrich
3922678955	flyingfish damselfly smelt pig
4234502670	gibbon penguin stoat dingo
100958741	albatross rabbit junglefowl heron
176876656	alpaca seahorse bedbug caribou
916559119	bear slug marsupial scorpion
4068376354	gamefowl clam quail hippopotamus
1574237209	cardinal orca loon bass
2951892644	dinosaur vulture donkey lamprey
1695959475	cat tyrannosaurus crane hawk
1919484790	cheetah wolverine whitefish monkey
967517277	bedbug coyote boa emu
3887192600	fly earthworm silverfish badger
699700887	bandicoot walrus tuna sturgeon
56214282	aardwolf lungfish vulture parrotfish
934139617	beaver ferret boa beaver
1339654860	bonobo egret aphid mink
3129204667	dove rattlesnake dove alpaca
428397022	antelope mouse falcon marlin
2326663077	condor albatross tortoise crane
681475264	bandicoot kingfisher meadowlark eagle
2700069151	crocodile camel falcon roundworm
2529526770	crab lizard gerbil lemming
2041254569	chinchilla egret bird mouse
1712274420	caterpillar guanaco gecko cuckoo
1475098307	buzzard walrus lamprey panda
709520710	barnacle crayfish lamprey smelt
3046532077	donkey lizard possum wolf
587691112	armadillo toucan skunk clam
1515801767	capybara baboon mandrill dragonfly
3822150106	flamingo lobster dove donkey
3377973105	echidna landfowl parakeet guppy
3915651612	flyingfish ape kangaroo marmot
2242342603	cobra python llama minnow
2380756398	coral ladybug python newt
672219445	bandicoot crab blackbird alpaca
2205638928	clownfish quokka locust fox
4105912623	gazelle coral damselfly vole
2743139522	crow elk possum crow
2644710713	crayfish octopus bear crayfish
1253883204	boar weasel marsupial ant
3071387603	dormouse clam stingray cougar
4107111190	gazelle cuckoo ape dinosaur
628082557	badger alligator basilisk silkworm
667738808	bandicoot bee pigeon panda
136562359	alligator pony lynx clam
1330377898	bonobo ant haddock smelt
1801460737	cattle scallop octopus aardwolf
3079783788	dormouse heron minnow whitefish
3943367131	flyingfish seahorse hare gecko
3172879742	dragon turtle butterfly harrier
2066159301	chinchilla wasp pheasant mongoose
1236965728	boar limpet worm sheep
1315241279	bobolink nightingale swordtail locust
798878098	basilisk ostrich firefly frog
1640365001	carp hoverfly stingray anglerfish
2893009556	dingo giraffe dinosaur halibut
477600995	antlion viper anaconda crow
2838453478	damselfly swallow dormouse flyingfish
3310374669	earthworm panther baboon bear
4182189320	gerbil dragonfly boa bird
3683976391	ferret rooster cow chinchilla
978746234	bedbug llama gopher swordtail
3069170833	dormouse butterfly sturgeon damselfly
3614934204	ermine tern mite earwig
3267336427	eagle lark tyrannosaurus bobcat
1711954254	caterpillar gorilla junglefowl rooster
1126731861	bison locust thrush chimpanzee
3880592816	fly bison emu swordtail
1720581455	caterpillar mosquito dormouse eel
3242805858	duck sloth prawn quokka
2220672601	cobra caterpillar beetle lemur
1256029156	bobcat alpaca tiger frog
1649350131	carp peacock tapir hawk
3790398134	fish panda tortoise wolverine
999357085	bee basilisk damselfly frog
2147171160	clam centipede donkey jay
2708342487	crocodile gibbon tiger octopus
4038981194	frog guppy owl parrot
862974241	bat guanaco fox dinosaur
4285159436	goat armadillo pig parrot
756429819	barracuda leech llama anaconda
1925749022	chickadee chameleon kite boa
4052659685	frog reindeer yak crab
1431569920	butterfly rooster viper roundworm
2719433055	crocodile ox tuna orca
502275890	ape mouse manatee albatross
2045801705	chinchilla heron blackbird peacock
2801449268	cuckoo sturgeon marlin meerkat
3003716355	dolphin gibbon mosquito dingo
3435338886	egret anteater wolf wren
684378669	bandicoot magpie raven cow
3652068776	falcon tick kingfisher lizard
1521470695	capybara coyote peacock bass
3851379994	flea ferret squid pike
3867767217	flea rattlesnake orangutan mink
3472834396	elephant baboon butterfly camel
2728383243	crocodile tarantula ostrich bear
3367374062	echidna coral bat hoverfly
974286709	bedbug halibut catfish toucan
1781807696	cattle dove hamster stork
572639599	armadillo lobster bedbug jackal
440363010	antelope turtle crab jay
4249487225	giraffe bedbug worm thrush
1392282244	bug porpoise otter rodent
2572588051	crane peafowl peafowl ox
4205775446	gerbil tern sheep falcon
3084303805	dormouse macaw gazelle monkey
2841961464	damselfly whippet tapir skink
1285248759	bobcat silkworm herring tapir
2199373802	clownfish meadowlark alpaca carp
3827652161	flamingo parrot swallow viper
520829612	aphid bobcat starfish tarsier
70088219	aardwolf thrush barnacle carp
409973950	antelope bobcat chickadee aardwolf
2729235717	crocodile tortoise fowl bandicoot
697483936	bandicoot tarantula tyrannosaurus goose
3557725567	emu giraffe peacock meadowlark
1780753618	cattle crow tapir koala
2675080713	cricket jay warbler hornet
1113059284	bison catfish moth guineafowl
271096099	angelfish gerbil reptile hedgehog
804105254	basilisk salamander jay leopard
768464205	barracuda skink anteater fly
1734637128	caterpillar wolf aardwolf llama
280077575	angelfish mollusk raven shrew
4209254074	gerbil wren chinchilla opossum
3731660497	firefly barnacle crayfish pheasant
1369655804	bug bison moose leopard
2865765675	deer muskox marmot tyrannosaurus
2916257934	dingo wildfowl termite gazelle
328654485	anglerfish thrush skunk herring
341090032	ant dingo whale hare
2172560783	clam sole crawdad marten
1892373922	cheetah donkey landfowl minnow
1471338649	buzzard spoonbill minnow haddock
432138532	antelope porpoise antlion flamingo
2461016627	cow panda loon fowl
872153590	bat ocelot bobcat squirrel
2047414493	chinchilla jellyfish otter swan
2972834968	dog lobster bobolink gecko
2763241239	crow snake wombat rat
364997002	ant tapir marsupial blackbird
3049802593	donkey moose coyote giraffe
2719771980	crocodile parakeet wolf hummingbird
2010695739	chimpanzee kangaroo lobster gibbon
1073455198	bird bat junglefowl cockroach
1732873253	caterpillar tyrannosaurus boa mollusk
2023673664	chimpanzee shrimp marlin bison
3763534239	firefly tuna parakeet octopus
279050866	angelfish marten lemming monkey
328472361	anglerfish tern cicada lemming
2133816948	cicada scallop sloth porpoise
744369987	barracuda chickadee reindeer fish
2711030726	crocodile horse centipede hookworm
3324080237	earwig anaconda ox viper
2576488168	crane sailfish sparrow possum
2057473319	chinchilla puffin goat marten
62695514	aardwolf pony hamster sloth
148986865	alpaca antelope mink aardwolf
1963697308	chicken clownfish penguin toucan
3839391563	flamingo wildfowl raccoon harrier
3242714158	duck skunk tapir goose
4202552757	gerbil silverfish rabbit marmot
3252048784	eagle bat basilisk eagle
2729218479	crocodile tortoise chinchilla emu
2069173058	chipmunk antelope stingray toad
1189034425	boa cow rattlesnake warbler
1775605700	cattle beetle kiwi dormouse
2296627283	cod cougar armadillo orangutan
3065760150	dormouse anglerfish bobolink vole
99611645	albatross pony finch bat
4169803064	gecko turkey hawk capybara
2294228791	cod caribou hornet warbler
740481834	barracuda badger pigeon cicada
3298873473	earthworm gecko frog walrus
2823155692	damselfly kingfisher falcon angelfish
329263707	anglerfish trout fish tick
794057726	basilisk lizard snipe raccoon
1009570629	bee gerbil gazelle orca
3365940192	echidna cheetah caterpillar llama
2263641535	cockroach finch mole frog
30515218	aardvark snail cod ermine
2073903177	chipmunk chimpanzee loon krill
1915309332	cheetah swallow flamingo perch
70374755	aardwolf tiger owl mouse
614939494	baboon parakeet mandrill centipede
2274204557	cockroach mongoose sparrow butterfly
3143567240	dragon caribou sailfish stork
1502250311	camel pig gazelle cougar
4253090298	giraffe clownfish lark vole
3023022353	dolphin sturgeon pony crab
3806351164	flamingo bedbug salamander wolf
3728793963	finch wolverine grasshopper krill
1660815310	carp wolf eel grasshopper
1032809685	bee wildcat tiger mongoose
585193520	armadillo squid emu thrush
1739820495	catfish butterfly reindeer cicada
3829702882	flamingo primate grasshopper dragon
3793169113	fish puma tick dinosaur
568301156	armadillo hamster weasel bedbug
3128520307	dove python bedbug swordfish
3755368758	firefly porcupine amphibian parrotfish
2203281181	clownfish peafowl dormouse aardwolf
882228696	bat tarsier whippet hummingbird
465938263	antlion nightingale spoonbill aardwolf
3181649098	dragonfly chimpanzee cougar sheep
284616097	angelfish possum penguin yak
3845112460	flea caribou frog eagle
3876297851	flea wildfowl mastodon bird
3764512670	firefly walrus lamprey starfish
1109305957	bison ape reptile camel
1941887104	chickadee mongoose worm silkworm
1273164255	bobcat landfowl iguana bee
572200370	armadillo limpet buzzard iguana
3772119401	fish cheetah bear tarsier
1139635124	bison stork dragonfly porcupine
2552990595	crane cat vole hummingbird
4026940166	frog bandicoot bandicoot hookworm
2883212973	dingo bedbug termite cricket
1811105832	centipede armadillo mouse dove
2993786215	dolphin beaver aphid yak
1503210394	camel possum wren frog
312444465	anglerfish kiwi orca peafowl
3637070300	falcon limpet cow antelope
2828098443	damselfly mongoose swallow buzzard
2799500142	cuckoo skink wildcat gazelle
1335069685	bonobo cheetah platypus echidna
3147672784	dragon dog sheep smelt
1989908975	chicken tarsier badger orangutan
1241644674	boar opossum cockroach pigeon
2762124281	crow shrew tortoise locust
881321220	bat sturgeon salmon earwig
1777937555	cattle centipede lemming sloth
1077135574	bird chipmunk otter grasshopper
3187370557	dragonfly fly shark goose
1853662840	chameleon cow haddock beaver
